6, 0.0, -199.021
6, 213.54, -219.389
6, 110.582, -0.0
6, 161.753, -170.623
6, 261.848, -292.46
6, 112.168, -126.583
6, 146.297, -148.161
6, 244.519, -269.533
6, 261.218, -272.342
6, 110.716, -119.974
6, 209.978, -233.303
6, 0.0, -0.0
6, 136.601, -138.831
6, 0.0, -0.0
6, 258.769, -271.442
6, 157.954, -172.491
6, 0.0, -300.481
6, 222.196, -220.831
6, 239.192, -258.374
6, 152.604, -158.012
6, 0.0, -0.0
6, 68.0627, -89.4391
6, 118.987, -126.548
6, 155.634, -171.323
6, 108.309, -130.443
6, 143.481, -160.618
6, 101.325, -142.87
6, 0.0, -125.485
6, 262.197, -279.941
6, 113.522, -117.496
6, 155.256, -0.0
6, 236.707, -230.697
6, 134.72, -119.632
6, 198.73, -208.296
6, 157.838, -151.604
6, 65.856, -0.0
6, 203.249, -193.027
6, 102.753, -133.202
6, 240.801, -284.583
6, 0.0, -146.278
6, 213.962, -212.151
6, 172.552, -193.443
6, 120.044, -0.0
6, 74.2358, -0.0
6, 140.348, -0.0
6, 190.892, -202.667
6, 237.374, -244.894
6, 0.0, -152.605
6, 106.17, -131.755
6, 0.0, -274.091
6, 0.0, -239.6
6, 208.386, -0.0
6, 266.384, -269.24
6, 186.343, -223.654
6, 254.781, -279.13
6, 204.731, -213.964
6, 108.83, -141.928
6, 111.256, -122.653
6, 0.0, -272.303
6, 231.532, -258.498
6, 90.7533, -102.795
6, 0.0, -276.655
6, 0.0, -212.639
6, 178.939, -196.019
6, 165.948, -0.0
6, 169.46, -0.0
6, 141.48, -0.0
6, 158.073, -165.221
6, 205.85, -0.0
6, 168.443, -199.939
6, 221.08, -207.873
6, 0.0, -181.803
6, 0.0, -302.351
6, 245.587, -260.649
6, 64.1067, -78.5009
6, 176.03, -192.286
6, 145.274, -162.267
6, 149.312, -0.0
6, 247.549, -274.573
6, 0.0, -99.7159
6, 0.0, -310.384
6, 70.3466, -76.1951
6, 147.955, -205.995
6, 83.4492, -96.1213
6, 256.164, -286.394
6, 163.857, -176.628
6, 150.777, -143.293
6, -15.5837, -0.0
6, 186.781, -254.682
6, 183.774, -239.15
6, 101.318, -0.0
6, 140.735, -158.352
6, 262.222, -268.655
6, 147.847, -0.0
6, 242.385, -267.826
6, 204.4, -201.296
6, 295.637, -317.201
6, 0.0, -151.573
6, 0.0, -113.254
6, 178.606, -191.394
6, 204.862, -0.0
6, 83.1993, -87.2666
6, 59.6331, -53.1149
6, 0.0, -167.828
6, 250.67, -254.872
6, 95.3689, -0.0
6, 61.4166, -61.3794
6, 94.8508, -99.0877
6, 160.865, -208.971
6, 0.0, -88.8304
6, 310.02, -330.541
6, 0.0, -134.598
6, 240.921, -273.557
6, 232.789, -265.018
6, 94.2566, -106.343
6, 249.38, -295.604
6, 230.017, -242.022
6, 188.655, -200.483
6, 248.378, -261.584
6, 174.432, -0.0
6, 126.489, -0.0
6, 186.686, -186.775
6, 92.2239, -0.0
6, 0.0, -0.0
6, 141.252, -0.0
6, 0.0, -237.661
6, 90.6125, -0.0
6, 120.417, -125.748
6, 0.0, -151.285
6, 0.0, -203.3
6, 196.284, -213.785
6, 0.0, -226.44
6, 193.194, -192.348
6, 104.736, -199.951
6, 231.547, -237.682
6, 242.341, -254.871
6, 122.008, -129.438
6, 112.41, -131.475
6, 162.033, -191.598
6, 175.835, -0.0
6, 0.0, -164.731
6, 0.0, -0.0
6, 174.281, -170.676
6, 296.818, -312.414
6, 113.512, -109.038
6, 0.0, -262.543
6, 136.68, -150.685
6, 291.591, -325.693
6, 131.892, -155.28
6, 236.414, -0.0
6, 0.0, -0.0
6, 80.8138, -114.69
6, 173.915, -167.515
6, 151.268, -140.452
6, 138.247, -173.308
6, 139.074, -139.906
6, 177.656, -0.0
6, 299.109, -0.0
6, 225.739, -274.73
6, 254.126, -242.709
6, 0.0, -187.682
6, 110.193, -119.832
6, 0.0, -165.255
6, 269.597, -268.904
6, 103.627, -113.941
6, 146.929, -0.0
6, 235.636, -257.323
6, 167.464, -181.985
6, 0.0, -155.384
6, 0.0, -193.154
6, 104.452, -0.0
6, 154.777, -159.925
6, 192.089, -0.0
6, 247.581, -275.736
6, 56.373, -84.2811
6, 102.706, -102.238
6, 179.929, -0.0
6, 0.0, -218.487
6, 189.978, -206.339
6, 202.781, -206.768
6, 174.861, -0.0
6, 177.736, -184.852
6, 168.138, -176.267
6, 111.654, -111.969
6, 147.117, -164.121
6, 0.0, -313.484
6, 0.0, -165.922
6, 147.206, -164.871
6, 0.0, -135.892
6, 0.0, -128.908
6, 42.9808, -86.77
6, 0.0, -118.414
6, 0.0, -50.5482
6, 222.185, -256.724
6, 124.288, -139.884
6, 220.008, -236.816
6, 183.873, -196.246
6, 271.937, -289.901
6, 307.123, -343.517
6, 161.289, -0.0
6, 99.3855, -112.852
6, 0.0, -177.622
6, 123.915, -142.646
6, 286.441, -288.344
6, 200.607, -0.0
6, 159.977, -183.498
6, 0.0, -0.0
6, 229.757, -266.534
6, 231.03, -300.072
6, 278.506, -309.033
6, 258.05, -272.765
6, 188.72, -193.474
6, 202.238, -227.307
6, 175.653, -199.388
6, 40.4108, -52.7297
6, 0.0, -0.0
6, 0.0, -0.0
6, 256.986, -261.853
6, 264.478, -285.155
6, 265.335, -289.948
6, 251.534, -269.692
6, 150.135, -0.0
6, 0.0, -0.0
6, 215.911, -231.411
6, 274.471, -276.756
6, 164.671, -189.241
6, 0.0, -136.082
6, 0.0, -180.072
6, 0.0, -156.937
6, 121.167, -119.522
6, 215.78, -217.959
6, 184.129, -0.0
6, 225.04, -0.0
6, 162.948, -164.444
6, 215.813, -227.581
6, 116.385, -126.878
6, 83.5357, -113.429
6, 151.26, -159.857
6, 219.209, -226.186
6, 185.551, -0.0
6, 233.137, -0.0
6, 135.193, -148.111
6, 198.726, -228.751
6, 138.305, -0.0
6, 98.2406, -0.0
6, 0.0, -187.29
6, 0.0, -245.763
6, 83.553, -0.0
6, 169.337, -172.883
6, 131.027, -163.308
6, 0.0, -0.0
6, 191.225, -0.0
6, 0.0, -201.401
6, 0.0, -204.512
6, 134.291, -134.964
6, 0.0, -263.385
6, 193.985, -205.594
6, 0.0, -0.0
6, 255.16, -286.616
6, 220.871, -254.26
6, 0.0, -160.566
6, 180.381, -190.869
6, 97.0674, -0.0
6, 159.334, -196.945
6, 213.108, -225.542
6, 182.904, -234.134
6, 232.701, -226.059
6, 225.866, -0.0
6, 168.116, -167.321
6, 0.0, -0.0
6, 220.197, -0.0
6, 12.5212, -27.3117
6, 219.562, -238.57
6, 176.004, -0.0
6, 9.00589, -18.4839
6, 270.481, -313.862
6, 112.157, -125.206
6, 237.559, -243.33
6, 126.272, -138.946
6, 241.049, -0.0
6, 192.195, -186.242
6, 280.91, -315.495
6, 152.918, -160.551
6, 211.395, -218.773
6, 0.0, -0.0
6, 0.0, -132.591
6, 0.0, -306.053
6, 0.0, -199.149
6, 278.71, -314.858
6, 0.0, -165.878
6, 185.267, -190.002
6, 197.895, -0.0
6, 276.898, -302.367
6, 245.805, -260.034
6, 195.925, -251.915
6, 237.631, -226.815
6, 0.0, -193.728
6, 84.3756, -106.491
6, 137.552, -166.182
6, 202.797, -217.13
6, 0.0, -0.0
6, 78.3332, -103.98
6, 139.481, -159.248
6, 180.668, -200.313
6, 212.892, -206.941
6, 0.0, -148.202
6, 150.942, -145.063
6, 151.205, -177.4
6, 0.0, -177.991
6, 126.577, -139.552
6, 43.3541, -59.3899
6, 198.566, -0.0
6, 238.443, -241.495
6, 124.522, -149.474
6, 180.669, -171.85
6, 193.787, -186.839
6, 130.804, -148.03
6, 181.078, -189.443
6, 162.698, -165.447
6, 149.078, -166.8
6, 213.713, -230.971
6, 112.615, -121.909
6, 180.184, -173.545
6, 0.0, -118.34
6, 183.878, -0.0
6, 155.306, -176.127
6, 104.936, -127.835
6, 0.0, -0.0
6, 141.09, -0.0
6, 23.4392, -96.9825
6, 156.307, -0.0
6, 147.61, -141.338
6, 202.921, -228.618
6, 94.8689, -0.0
6, 256.893, -261.602
6, 93.5758, -118.8
6, 210.143, -222.071
6, 148.278, -160.07
6, 262.701, -0.0
6, 328.019, -338.755
6, 129.581, -179.08
6, 0.0, -162.816
6, 0.0, -0.0
6, 183.453, -212.081
6, 0.0, -204.14
6, 0.0, -302.657
6, 217.665, -227.452
6, 129.418, -159.84
6, 240.559, -250.904
6, 186.35, -172.401
6, 249.62, -274.816
6, 240.151, -234.42
6, 227.319, -0.0
6, 177.087, -0.0
6, 0.0, -0.0
6, 72.3485, -108.091
6, 0.0, -81.5438
6, 90.2152, -0.0
6, 0.0, -188.757
6, 220.793, -274.585
6, 0.0, -223.221
6, 0.0, -210.348
6, 119.955, -0.0
6, 38.3642, -87.2696
6, 0.0, -219.433
6, 215.394, -233.172
6, 142.624, -155.991
6, 168.743, -0.0
6, 172.05, -0.0
6, 188.351, -192.362
6, 252.072, -273.143
6, 0.0, -0.0
6, 158.339, -177.423
6, 160.757, -157.045
6, 137.422, -154.124
6, 176.907, -169.219
6, 0.0, -270.878
6, 177.153, -186.442
6, 170.792, -160.474
6, 0.0, -289.704
6, 0.0, -133.416
6, 185.018, -0.0
6, 74.6207, -88.5791
6, 202.887, -216.763
6, 0.0, -192.243
6, 55.1136, -0.0
6, 140.38, -129.918
6, 134.658, -143.939
6, 133.946, -139.441
6, 163.702, -219.011
6, 187.266, -185.243
6, 140.572, -163.444
6, 0.0, -184.019
6, 0.0, -0.0
6, 0.0, -0.0
6, 0.0, -133.828
6, 0.0, -160.451
6, 0.0, -238.256
6, 183.452, -180.199
6, 227.564, -243.986
6, 265.002, -281.339
6, 0.0, -211.871
6, 256.085, -256.206
6, 0.0, -209.328
6, 0.0, -192.714
6, 190.744, -200.892
6, 118.381, -126.35
6, 261.335, -283.878
6, 51.9439, -0.0
6, 127.954, -156.438
6, 255.2, -0.0
6, 0.0, -157.636
6, 248.739, -0.0
6, 276.202, -309.401
6, 246.046, -244.517
6, 105.786, -120.726
6, 0.0, -162.576
6, 0.0, -231.612
6, 0.0, -79.3157
6, 109.593, -173.542
6, 236.481, -251.762
6, 0.0, -192.428
6, 35.0778, -21.7776
6, 126.91, -148.171
6, 252.185, -257.447
6, 188.312, -0.0
6, 190.637, -221.748
6, 206.503, -230.071
6, 155.532, -150.915
6, 83.4627, -91.1102
6, 150.751, -168.277
6, 269.396, -0.0
6, 223.535, -255.649
6, 177.304, -180.617
6, 287.262, -321.066
6, 155.938, -173.293
6, 0.0, -196.487
6, 0.0, -139.734
6, 0.0, -81.2152
6, 110.332, -135.435
6, 146.202, -147.693
6, 189.972, -209.791
6, 228.286, -259.437
6, 249.24, -265.496
6, 162.537, -182.461
6, 49.4829, -69.5603
6, 72.3222, -106.409
6, 0.0, -236.955
6, 0.0, -0.0
6, 88.4577, -109.355
6, 126.289, -135.891
6, 175.865, -189.136
6, 95.8576, -84.6556
6, 246.824, -253.714
6, 0.0, -0.0
6, 0.0, -131.097
6, 250.678, -0.0
6, 235.847, -0.0
6, 202.031, -220.529
6, 194.049, -198.018
6, 96.4221, -0.0
6, 181.557, -200.934
6, 0.0, -224.258
6, 0.0, -0.0
6, 266.743, -274.581
6, 228.518, -220.773
6, 0.0, -220.92
6, 250.051, -0.0
6, 188.204, -0.0
6, 183.082, -190.623
6, 159.813, -0.0
6, 222.253, -229.72
6, 222.938, -232.146
6, 212.576, -221.884
6, 0.0, -193.585
6, 182.423, -0.0
6, 182.571, -190.455
6, 194.97, -233.588
6, 204.633, -243.815
6, 179.391, -214.03
6, 105.02, -143.877
6, 0.0, -203.402
6, 183.348, -0.0
6, 105.889, -0.0
6, 0.0, -164.456
6, 241.976, -261.013
6, 0.0, -0.0
6, 167.114, -190.429
6, 110.636, -137.623
6, 230.097, -0.0
6, 238.152, -246.358
6, 216.673, -219.787
6, 272.023, -300.223
6, 298.48, -0.0
6, 0.0, -201.63
6, 275.098, -0.0
6, 0.0, -285.784
6, 205.142, -202.012
6, 192.91, -198.146
6, 262.454, -277.552
6, 0.0, -0.0
6, 0.0, -0.0
6, 227.229, -234.068
6, 226.968, -229.761
6, 158.013, -175.257
6, 189.578, -230.937
6, 0.0, -228.781
6, 205.252, -0.0
6, 224.84, -0.0
6, 247.208, -273.877
6, 235.714, -0.0
6, 223.469, -0.0
6, 240.594, -0.0
6, 308.876, -325.466
6, 138.83, -144.208
6, 158.179, -187.485
6, 212.64, -219.794
6, 220.073, -233.513
6, 192.854, -0.0
6, 0.0, -222.77
6, 333.443, -343.896
6, 234.211, -281.354
6, 274.985, -0.0
6, 267.19, -298.562
6, 321.601, -0.0
6, 0.0, -288.142
6, 312.766, -326.445
6, 272.402, -286.932
6, 259.546, -290.206
6, 271.407, -302.777
6, 272.263, -300.232
6, 193.627, -0.0
6, 78.8906, -123.037
6, 172.556, -182.081
6, 0.0, -0.0
6, 0.0, -0.0
6, 172.368, -189.762
6, 275.983, -0.0
6, 218.489, -235.259
6, 185.44, -198.601
6, 234.757, -242.453
6, 200.861, -216.954
6, 205.302, -0.0
6, 278.829, -270.391
6, 269.95, -0.0
6, 208.157, -228.87
6, 0.0, -138.093
6, 305.98, -311.053
6, 0.0, -270.294
6, 0.0, -301.297
6, 198.926, -200.104
6, 275.3, -0.0
6, 230.148, -270.618
6, 226.801, -0.0
6, 270.132, -301.273
6, 193.377, -191.375
6, 217.049, -0.0
6, 227.793, -0.0
6, 196.486, -205.341
6, 260.492, -0.0
6, 0.0, -175.644
6, 249.377, -254.644
6, 203.411, -225.108
6, 0.0, -0.0
6, 297.161, -0.0
6, 248.46, -249.815
6, 187.921, -201.794
6, 330.518, -0.0
6, 237.701, -269.686
6, 0.0, -0.0
6, 259.448, -260.848
6, 239.567, -0.0
6, 0.0, -0.0
6, 207.706, -0.0
6, 286.939, -0.0
6, 295.164, -0.0
6, 271.285, -302.249
6, 232.794, -0.0
6, 265.298, -0.0
6, 215.2, -205.816
6, 0.0, -256.614
6, 277.442, -0.0
6, 0.0, -246.464
6, 0.0, -225.977
6, 184.157, -191.579
6, 196.799, -0.0
6, 0.0, -227.979
6, 273.294, -281.308
6, 0.0, -255.081
6, 0.0, -160.413
6, 235.368, -0.0
6, 218.038, -218.956
6, 195.288, -0.0
6, 0.0, -203.231
6, 0.0, -255.651
6, 212.291, -232.04
6, 238.299, -248.602
6, 0.0, -293.367
6, 297.672, -306.327
6, 204.379, -231.875
6, 227.385, -268.741
6, 0.0, -166.524
6, 151.298, -154.665
6, 0.0, -278.84
6, 175.829, -181.013
6, 252.557, -237.01
6, 253.454, -263.258
6, 229.678, -0.0
6, 228.757, -226.566
6, 0.0, -0.0
6, 227.806, -0.0
6, 92.1424, -111.829
6, 165.646, -209.814
6, 270.111, -260.386
6, 107.759, -136.041
6, 278.976, -304.262
6, 0.0, -256.265
6, 146.545, -185.74
6, 128.244, -0.0
6, 206.874, -207.586
6, 193.165, -189.597
6, 197.984, -201.237
6, 153.827, -154.854
6, 170.341, -180.38
6, 0.0, -189.279
6, 201.781, -200.542
6, 231.355, -225.483
6, 191.56, -197.76
6, 175.182, -178.553
6, 197.937, -202.371
6, 182.55, -184.66
6, 87.5031, -81.5683
6, 0.0, -141.362
6, 0.0, -161.443
6, 135.595, -135.319
6, 193.812, -179.094
6, 152.761, -139.934
6, 164.677, -154.855
6, 314.141, -324.359
6, 285.168, -314.349
6, 284.228, -291.234
6, 260.933, -286.071
6, 239.147, -279.156
6, 0.0, -0.0
6, 288.096, -316.886
6, 240.959, -0.0
6, 205.064, -235.006
6, 268.148, -284.451
6, 243.224, -262.918
6, 0.0, -183.112
6, 220.491, -242.371
6, 166.003, -0.0
6, 209.923, -224.312
6, 219.55, -233.23
6, 225.434, -236.909
6, 0.0, -0.0
6, 178.519, -0.0
6, 265.136, -274.664
6, 0.0, -270.039
6, 216.709, -233.522
6, 270.172, -0.0
6, 180.88, -167.527
6, 180.271, -0.0
6, 184.629, -198.227
6, 170.727, -159.112
6, 0.0, -0.0
6, 217.966, -0.0
6, 0.0, -214.277
6, 209.258, -216.44
6, 213.667, -221.372
6, 178.961, -192.25
6, 0.0, -236.752
6, 170.377, -181.418
6, 0.0, -206.46
6, 178.26, -184.712
6, 0.0, -207.612
6, 157.993, -0.0
6, 0.0, -205.385
6, 161.921, -177.706
6, 120.403, -131.482
6, 0.0, -122.756
6, 201.233, -216.388
6, 133.729, -139.966
6, 136.669, -166.302
6, 216.606, -0.0
6, 186.83, -186.027
6, 206.709, -225.219
6, 188.027, -210.096
6, 0.0, -0.0
6, 178.729, -202.085
6, 202.464, -207.974
6, 141.309, -144.662
6, 162.576, -0.0
6, 271.401, -0.0
6, 220.176, -218.814
6, 159.195, -179.448
6, 192.768, -218.419
6, 92.4891, -97.3812
6, 220.594, -225.424
6, 188.634, -191.795
6, 140.946, -147.511
6, 170.875, -189.937
6, 0.0, -135.122
6, 0.0, -0.0
6, 163.154, -194.857
6, 119.626, -0.0
6, 0.0, -123.563
6, 243.211, -242.59
6, 169.17, -0.0
6, 162.777, -182.454
6, 185.272, -191.114
6, 0.0, -0.0
6, 200.359, -0.0
6, 175.219, -0.0
6, 154.194, -168.446
6, 225.731, -215.032
6, 191.244, -211.69
6, 209.271, -220.906
6, 224.961, -236.736
6, 232.177, -237.037
6, 256.963, -0.0
6, 0.0, -260.521
6, 231.308, -243.196
6, 313.587, -0.0
6, 287.437, -293.409
6, 232.157, -257.577
6, 0.0, -268.806
6, 194.038, -242.041
6, 304.303, -0.0
6, 182.707, -190.162
6, 203.66, -218.781
6, 269.742, -270.586
6, 219.478, -230.99
6, 0.0, -320.73
6, 246.488, -0.0
6, 259.501, -253.531
6, 0.0, -278.548
6, 291.719, -305.556
6, 0.0, -264.644
6, 219.541, -237.731
6, 175.874, -0.0
6, 116.648, -121.605
6, 135.587, -0.0
6, 186.149, -196.957
6, 0.0, -178.263
6, 0.0, -182.265
6, 200.305, -0.0
6, 164.74, -170.35
6, 136.944, -135.946
6, 143.102, -138.464
6, 197.26, -196.706
6, 247.952, -266.801
6, 247.649, -254.564
6, 277.461, -302.932
6, 254.128, -262.066
6, 225.124, -222.927
6, 269.983, -0.0
6, 249.245, -261.55
6, 0.0, -213.015
6, 303.864, -310.859
6, 259.84, -255.534
6, 241.703, -253.525
6, 113.486, -121.517
6, 203.039, -206.948
6, 195.428, -0.0
6, 157.912, -157.57
6, 162.002, -159.695
6, 118.129, -0.0
6, 193.895, -189.01
6, 0.0, -215.564
6, 236.695, -240.096
6, 159.888, -161.864
6, 244.455, -248.979
6, 221.638, -227.996
6, 264.244, -265.691
6, 0.0, -214.838
6, 111.822, -111.575
6, 173.232, -189.699
6, 261.528, -0.0
6, 258.81, -0.0
6, 255.287, -253.226
6, 220.28, -230.314
6, 170.984, -200.831
6, 158.394, -171.764
6, 135.598, -127.18
6, 181.104, -193.876
6, 148.762, -199.472
6, 158.994, -186.481
6, 177.487, -0.0
6, 195.159, -223.919
6, 265.365, -285.728
6, 193.963, -243.192
6, 181.501, -189.279
6, 196.568, -193.133
6, 177.688, -203.393
6, 183.084, -193.665
6, 233.681, -227.11
6, 160.663, -174.862
6, 221.393, -0.0
6, 0.0, -248.224
6, 298.105, -288.823
6, 321.725, -323.077
6, 205.556, -229.456
6, 233.76, -0.0
6, 203.472, -218.13
6, 230.008, -246.528
6, 210.296, -0.0
6, 245.612, -0.0
6, 0.0, -292.653
6, 228.973, -0.0
6, 229.324, -240.807
6, 221.359, -0.0
6, 180.478, -193.799
6, 317.079, -331.747
6, 189.288, -219.422
6, 245.528, -0.0
6, 218.86, -251.978
6, 0.0, -204.758
6, 219.046, -237.651
6, 160.438, -175.8
6, 0.0, -162.801
6, 0.0, -182.568
6, 0.0, -263.564
6, 194.087, -222.341
6, 227.333, -0.0
6, 196.031, -197.331
6, 210.685, -207.436
6, 197.542, -0.0
6, 0.0, -226.548
6, 201.636, -186.106
6, 194.856, -189.641
6, 188.314, -200.126
6, 241.849, -0.0
6, 0.0, -231.389
6, 227.722, -241.765
6, 238.337, -0.0
6, 189.071, -195.855
6, 0.0, -170.663
6, 197.778, -194.901
6, 0.0, -247.117
6, 196.314, -194.49
6, 176.723, -0.0
6, 0.0, -0.0
6, 167.134, -169.315
6, 199.664, -227.587
6, 216.051, -212.554
6, 165.876, -171.074
6, 0.0, -176.5
6, 171.569, -160.444
6, 238.848, -235.293
6, 174.558, -156.34
6, 217.991, -231.911
6, 284.531, -289.04
6, 271.848, -270.613
6, 272.846, -283.489
6, 226.786, -229.976
6, 237.188, -266.764
6, 0.0, -136.085
6, 180.357, -203.864
6, 232.087, -216.911
6, 0.0, -0.0
6, 175.585, -173.72
6, 155.062, -173.381
6, 207.261, -202.198
6, 170.969, -170.723
6, 286.88, -0.0
6, 0.0, -227.589
6, 288.8, -290.351
6, 242.677, -243.896
6, 207.292, -211.259
6, 203.426, -0.0
6, 188.409, -188.196
6, 252.514, -253.125
6, 221.896, -220.796
6, 196.195, -189.278
6, 198.183, -195.918
6, 0.0, -242.09
6, 176.655, -160.051
6, 184.206, -0.0
6, 144.038, -135.163
6, 79.7264, -77.8891
6, 164.529, -149.88
6, 178.224, -169.836
6, 196.677, -193.364
6, 164.163, -152.232
6, 127.274, -111.79
6, 0.0, -0.0
6, 227.069, -253.352
6, 301.251, -331.393
6, 251.999, -260.632
6, 211.618, -243.127
6, 219.197, -222.748
6, 230.28, -0.0
6, 0.0, -287.086
6, 227.952, -226.984
6, 200.685, -0.0
6, 0.0, -259.893
6, 0.0, -224.736
6, 271.028, -302.736
6, 156.704, -201.768
6, 299.176, -297.007
6, 250.623, -272.264
6, 130.881, -163.164
6, 197.516, -219.13
6, 168.469, -0.0
6, 234.142, -268.987
6, 275.353, -0.0
6, 229.797, -256.233
6, 205.245, -259.718
6, 307.93, -333.351
6, 244.71, -0.0
6, 236.14, -258.168
6, 164.615, -207.255
6, 157.511, -0.0
6, 199.447, -216.736
6, 248.103, -246.128
6, 251.215, -273.052
6, 260.717, -284.688
6, 120.875, -0.0
6, 0.0, -153.264
6, 101.731, -113.0
6, 133.679, -138.591
6, 117.203, -124.313
6, 97.3529, -97.6597
6, 120.049, -131.223
6, 67.1546, -70.6719
6, 91.8645, -0.0
6, 64.5399, -68.8426
6, 191.865, -202.846
6, 166.65, -161.557
6, 152.42, -139.131
6, 0.0, -136.728
6, 190.25, -0.0
6, 158.381, -0.0
6, 147.613, -134.522
6, 203.064, -205.486
6, 78.1519, -79.9154
6, 81.337, -93.3562
6, 179.464, -169.879
6, 155.921, -0.0
6, 107.037, -98.9542
6, 0.0, -118.077
6, 0.0, -107.706
6, 106.353, -106.59
6, 107.161, -0.0
6, 65.0196, -60.7304
6, 164.687, -169.151
6, 134.081, -130.7
6, 183.347, -179.633
6, 158.734, -167.129
6, 171.699, -0.0
6, 159.185, -0.0
6, 190.856, -202.198
6, 170.548, -0.0
6, 156.047, -160.927
6, 124.854, -129.892
6, 0.0, -0.0
6, 222.274, -217.434
9, -172.696, 119.58
9, -189.813, 226.338
9, -202.111, 0.0
9, -0.0, 241.249
9, -161.374, 184.596
9, -246.682, 263.035
9, -163.009, 143.414
9, -214.907, 0.0
9, -0.0, 139.842
9, -117.318, 105.675
9, -277.011, 263.889
9, -265.259, 252.933
9, -270.414, 276.075
9, -315.615, 314.36
9, -263.313, 255.02
9, -0.0, 184.428
9, -188.826, 157.646
9, -255.298, 0.0
9, -222.512, 0.0
9, -0.0, 141.892
9, -305.338, 284.676
9, -257.654, 0.0
9, -276.97, 234.351
9, -298.591, 277.041
9, -0.0, 211.296
9, -259.952, 250.627
9, -170.792, 131.713
9, -241.512, 224.825
9, -220.134, 0.0
9, -278.84, 284.559
9, -281.187, 266.37
9, -199.652, 203.083
9, -247.812, 215.027
9, -190.544, 154.752
9, -223.215, 0.0
9, -146.603, 0.0
9, -241.228, 226.409
9, -267.911, 0.0
9, -192.532, 186.43
9, -220.027, 0.0
9, -180.743, 176.69
9, -0.0, 203.639
9, -211.75, 202.172
9, -0.0, 0.0
9, -226.764, 227.395
9, -0.0, 226.738
9, -130.269, 133.933
9, -249.11, 241.717
9, -212.49, 0.0
9, -207.883, 183.586
9, -291.462, 0.0
9, -225.969, 228.557
9, -243.004, 0.0
9, -0.0, 248.245
9, -247.226, 262.683
9, -0.0, 190.021
9, -209.128, 182.993
9, -235.93, 239.258
9, -219.795, 0.0
9, -181.235, 178.137
9, -249.916, 248.297
9, -0.0, 228.914
9, -314.773, 314.373
9, -339.969, 321.157
9, -304.806, 299.044
9, -159.221, 153.063
9, -260.803, 232.913
9, -344.518, 347.712
9, -185.733, 173.251
9, -0.0, 284.663
9, -234.167, 220.291
9, -0.0, 160.845
9, -230.943, 196.609
9, -0.0, 342.132
9, -310.926, 0.0
9, -0.0, 305.948
9, -233.493, 241.817
9, -258.912, 0.0
9, -279.247, 259.409
9, -272.519, 258.115
9, -0.0, 197.923
9, -0.0, 0.0
9, -278.78, 260.826
9, -118.733, 0.0
9, -103.95, 107.861
9, -0.0, 318.093
9, -266.873, 267.789
9, -273.209, 241.408
9, -293.883, 276.448
9, -263.398, 228.592
9, -297.824, 293.754
9, -267.082, 295.73
9, -284.3, 271.772
9, -249.661, 222.94
9, -163.455, 164.586
9, -232.596, 219.445
9, -0.0, 213.916
9, -197.899, 0.0
9, -192.834, 0.0
9, -259.113, 253.198
9, -174.187, 191.38
9, -281.708, 241.669
9, -282.29, 265.586
9, -259.668, 285.628
9, -0.0, 134.471
9, -286.395, 236.146
9, -0.0, 0.0
9, -0.0, 107.703
9, -245.624, 220.706
9, -279.713, 0.0
9, -268.907, 263.045
9, -203.898, 215.624
9, -235.068, 222.082
9, -198.266, 200.481
9, -244.762, 0.0
9, -58.6057, 0.0
9, -221.098, 200.739
9, -0.0, 256.471
9, -232.783, 247.464
9, -221.108, 222.102
9, -305.464, 279.267
9, -298.747, 274.615
9, -222.186, 220.519
9, -0.0, 0.0
9, -269.707, 287.314
9, -0.0, 0.0
9, -290.819, 286.277
9, -180.252, 164.229
9, -295.887, 264.014
9, -0.0, 220.322
9, -126.78, 91.5355
9, -290.691, 0.0
9, -273.034, 285.451
9, -233.684, 252.088
9, -270.055, 248.871
9, -0.0, 146.747
9, -301.78, 260.404
9, -153.323, 142.567
9, -327.391, 314.674
9, -252.998, 261.937
9, -195.64, 0.0
9, -281.486, 251.804
9, -263.42, 264.799
9, -329.866, 332.973
9, -231.788, 0.0
9, -211.309, 0.0
9, -233.756, 204.786
9, -0.0, 253.058
9, -277.616, 257.426
9, -148.363, 124.803
9, -286.668, 264.643
9, -222.835, 192.144
9, -205.384, 192.655
9, -0.0, 192.004
9, -245.433, 261.116
9, -294.002, 301.005
9, -0.0, 173.711
9, -340.915, 338.337
9, -275.58, 255.089
9, -0.0, 256.258
9, -0.0, 203.14
9, -0.0, 354.58
9, -214.29, 223.495
9, -229.93, 214.594
9, -271.297, 256.868
9, -175.997, 181.903
9, -0.0, 177.509
9, -150.799, 0.0
9, -0.0, 0.0
9, -206.196, 195.25
9, -217.797, 216.604
9, -238.017, 242.902
9, -150.724, 0.0
9, -256.526, 269.295
9, -225.316, 204.529
9, -0.0, 0.0
9, -282.417, 261.917
9, -251.209, 225.324
9, -330.642, 0.0
9, -238.998, 204.588
9, -254.549, 234.424
9, -168.216, 158.465
9, -267.809, 229.092
9, -234.219, 226.808
9, -260.891, 270.431
9, -184.919, 177.894
9, -74.5292, 44.1352
9, -0.0, 238.08
9, -0.0, 215.243
9, -203.782, 182.59
9, -259.208, 0.0
9, -205.195, 200.429
9, -180.826, 0.0
9, -253.318, 223.933
9, -169.28, 0.0
9, -0.0, 227.888
9, -0.0, 206.008
9, -166.649, 145.073
9, -194.822, 207.447
9, -215.143, 168.507
9, -0.0, 260.23
9, -270.47, 249.271
9, -167.373, 157.027
9, -233.193, 193.919
9, -240.552, 0.0
9, -264.349, 223.911
9, -56.8455, 0.0
9, -226.971, 213.395
9, -223.169, 221.453
9, -193.042, 161.77
9, -271.537, 246.308
9, -126.179, 142.084
9, -0.0, 159.908
9, -147.768, 145.043
9, -314.006, 0.0
9, -268.679, 250.583
9, -282.419, 284.27
9, -0.0, 227.533
9, -234.066, 221.446
9, -68.6086, 0.0
9, -212.147, 207.13
9, -263.985, 0.0
9, -223.031, 176.876
9, -265.443, 244.924
9, -263.61, 0.0
9, -311.856, 0.0
9, -275.273, 280.804
9, -183.6, 176.22
9, -134.886, 120.229
9, -209.332, 173.67
9, -84.0733, 68.1508
9, -100.924, 0.0
9, -226.259, 0.0
9, -218.892, 190.706
9, -291.089, 295.855
9, -291.34, 285.022
9, -227.186, 214.711
9, -0.0, 275.352
9, -156.296, 151.82
9, -162.727, 179.879
9, -275.132, 266.945
9, -0.0, 235.429
9, -0.0, 0.0
9, -201.586, 0.0
9, -205.937, 214.449
9, -127.561, 125.499
9, -0.0, 248.969
9, -233.156, 242.341
9, -162.653, 157.503
9, -220.516, 0.0
9, -179.259, 0.0
9, -261.862, 244.876
9, -197.578, 190.685
9, -246.975, 268.207
9, -209.765, 226.402
9, -275.564, 272.114
9, -156.015, 134.07
9, -0.0, 183.714
9, -300.098, 276.577
9, -267.891, 242.298
9, -218.218, 0.0
9, -0.0, 0.0
9, -149.122, 134.247
9, -0.0, 188.794
9, -184.033, 191.823
9, -131.59, 100.471
9, -284.014, 273.123
9, -119.314, 102.972
9, -0.0, 180.242
9, -293.73, 263.338
9, -280.082, 285.934
9, -158.587, 142.994
9, -230.884, 247.738
9, -0.0, 0.0
9, -225.363, 0.0
9, -304.767, 252.891
9, -160.232, 130.061
9, -232.053, 0.0
9, -181.271, 190.654
9, -0.0, 200.818
9, -274.331, 275.677
9, -246.78, 223.886
9, -0.0, 218.459
9, -266.458, 252.8
9, -202.553, 183.73
9, -260.173, 259.14
9, -355.059, 353.307
9, -188.246, 195.153
9, -234.248, 238.333
9, -184.195, 0.0
9, -148.219, 149.326
9, -200.093, 0.0
9, -262.207, 252.509
9, -125.612, 114.509
9, -0.0, 285.267
9, -133.7, 155.532
9, -75.5886, 0.0
9, -0.0, 217.159
9, -0.0, 290.982
9, -187.106, 0.0
9, -301.877, 276.169
9, -262.722, 0.0
9, -0.0, 77.8992
9, -302.154, 319.657
9, -0.0, 174.584
9, -0.0, 253.851
9, -122.277, 107.429
9, -292.62, 298.75
9, -239.598, 220.575
9, -0.0, 223.122
9, -236.11, 215.854
9, -172.404, 123.776
9, -285.702, 0.0
9, -0.0, 288.51
9, -0.0, 197.892
9, -251.366, 229.739
9, -196.486, 172.677
9, -273.55, 238.01
9, -263.501, 237.613
9, -182.576, 163.347
9, -276.58, 269.6
9, -184.16, 181.897
9, -248.507, 243.581
9, -0.0, 209.995
9, -300.049, 277.553
9, -162.293, 144.871
9, -0.0, 223.942
9, -0.0, 267.646
9, -180.26, 0.0
9, -247.371, 244.426
9, -0.0, 281.189
9, -281.618, 268.461
9, -337.397, 325.18
9, -0.0, 299.306
9, -210.911, 156.471
9, -0.0, 165.723
9, -217.461, 0.0
9, -185.068, 176.381
9, -183.218, 0.0
9, -250.784, 236.053
9, -235.812, 235.367
9, -241.635, 245.913
9, -0.0, 0.0
9, -225.826, 185.546
9, -267.126, 303.862
9, -140.232, 137.146
9, -227.213, 221.568
9, -150.788, 145.333
9, -303.593, 0.0
9, -271.712, 267.431
9, -0.0, 226.217
9, -248.684, 207.706
9, -73.2917, 92.8679
9, -145.36, 153.769
9, -0.0, 253.313
9, -0.0, 211.602
9, -285.998, 271.459
9, -259.145, 249.935
9, -255.997, 262.688
9, -0.0, 254.16
9, -130.737, 101.43
9, -197.863, 194.6
9, -0.0, 187.814
9, -222.616, 238.902
9, -194.024, 176.296
9, -316.227, 281.984
9, -244.506, 242.39
9, -0.0, 162.332
9, -296.363, 262.006
9, -131.993, 135.748
9, -0.0, 240.437
9, -156.507, 147.24
9, -265.067, 267.172
9, -290.447, 265.652
9, -196.021, 0.0
9, -223.356, 206.591
9, -198.913, 0.0
9, -295.49, 315.324
9, -232.759, 0.0
9, -254.417, 239.335
9, -208.914, 168.474
9, -263.08, 287.324
9, -0.0, 236.966
9, -315.723, 327.316
9, -177.353, 167.283
9, -0.0, 170.042
9, -224.113, 225.582
9, -178.288, 173.176
9, -193.817, 182.252
9, -328.2, 300.573
9, -352.248, 337.657
9, -287.349, 248.819
9, -244.394, 220.536
9, -214.296, 184.048
9, -184.175, 186.737
9, -256.737, 0.0
9, -259.153, 260.124
9, -0.0, 273.993
9, -196.441, 163.383
9, -0.0, 231.076
9, -0.0, 122.877
9, -266.493, 268.171
9, -282.811, 273.508
9, -0.0, 137.918
9, -320.719, 323.482
9, -0.0, 0.0
9, -160.373, 0.0
9, -213.246, 182.356
9, -152.932, 161.42
9, -229.77, 0.0
9, -116.237, 0.0
9, -206.324, 204.025
9, -285.999, 294.856
9, -0.0, 226.27
9, -224.112, 200.071
9, -212.322, 230.896
9, -0.0, 157.596
9, -240.477, 227.15
9, -300.165, 0.0
9, -273.914, 270.839
9, -223.071, 201.847
9, -235.941, 200.176
9, -258.217, 244.039
9, -186.141, 201.204
9, -181.271, 152.242
9, -240.755, 212.74
9, -237.295, 0.0
9, -180.239, 203.664
9, -0.0, 189.329
9, -182.34, 144.458
9, -216.435, 199.693
9, -0.0, 166.291
9, -266.279, 251.688
9, -123.68, 0.0
9, -134.85, 0.0
9, -207.566, 0.0
9, -169.654, 160.554
9, -181.981, 176.063
9, -278.223, 255.381
9, -205.606, 179.503
9, -0.0, 0.0
9, -197.451, 188.097
9, -157.728, 0.0
9, -0.0, 184.211
9, -0.0, 197.864
9, -76.0121, 77.8547
9, -262.762, 207.887
9, -245.081, 195.208
9, -0.0, 235.337
9, -0.0, 0.0
9, -174.173, 183.951
9, -271.338, 250.632
9, -228.122, 208.669
9, -186.25, 168.63
9, -187.826, 0.0
9, -266.52, 254.437
9, -204.527, 186.085
9, -198.523, 187.077
9, -284.61, 273.62
9, -0.0, 287.391
9, -0.0, 0.0
9, -125.8, 95.0637
9, -298.262, 273.91
9, -186.077, 160.964
9, -259.036, 0.0
9, -184.693, 0.0
9, -262.282, 237.156
9, -267.323, 274.633
9, -255.956, 0.0
9, -203.599, 195.915
9, -212.738, 199.87
9, -0.0, 124.364
9, -176.525, 192.067
9, -189.144, 142.782
9, -217.1, 214.542
9, -266.973, 254.081
9, -263.849, 253.885
9, -245.329, 0.0
9, -210.537, 228.617
9, -0.0, 0.0
9, -234.593, 202.286
9, -0.0, 204.425
9, -0.0, 258.006
9, -262.004, 225.707
9, -0.0, 213.805
9, -168.999, 161.852
9, -127.114, 108.573
9, -330.99, 328.664
9, -265.019, 277.869
9, -254.049, 237.775
9, -0.0, 0.0
9, -352.409, 357.911
9, -185.7, 208.536
9, -240.285, 0.0
9, -228.732, 231.215
9, -0.0, 84.0723
9, -294.613, 0.0
9, -233.105, 252.329
9, -176.898, 195.861
9, -258.611, 245.677
9, -0.0, 57.1682
9, -292.244, 311.145
9, -194.43, 202.29
9, -252.325, 246.461
9, -281.809, 254.676
9, -301.306, 312.176
9, -48.8243, 0.0
9, -287.692, 281.789
9, -0.0, 270.755
9, -170.681, 188.419
9, -142.627, 128.29
9, -210.554, 203.79
9, -257.151, 0.0
9, -280.535, 0.0
9, -139.144, 156.751
9, -185.06, 178.316
9, -248.889, 241.74
9, -220.534, 0.0
9, -261.8, 285.377
9, -299.713, 287.405
9, -220.111, 206.023
9, -223.503, 227.635
9, -145.125, 150.249
9, -0.0, 220.536
9, -187.707, 189.723
9, -217.058, 211.856
9, -193.379, 207.701
9, -0.0, 247.329
9, -269.359, 0.0
9, -239.336, 266.583
9, -209.498, 217.397
9, -197.642, 185.724
9, -0.0, 256.748
9, -0.0, 0.0
9, -123.702, 132.592
9, -174.386, 188.096
9, -222.988, 230.884
9, -0.0, 163.152
9, -234.551, 249.053
9, -187.844, 0.0
9, -197.51, 0.0
9, -231.933, 0.0
9, -203.899, 222.349
9, -0.0, 239.914
9, -219.162, 223.89
9, -272.379, 261.879
9, -271.434, 283.528
9, -188.934, 195.296
9, -202.783, 0.0
9, -267.874, 0.0
9, -0.0, 190.815
9, -293.443, 296.516
9, -339.445, 340.298
9, -301.602, 317.438
9, -284.9, 306.61
9, -0.0, 287.038
9, -310.018, 328.13
9, -329.714, 0.0
9, -274.875, 289.184
9, -247.582, 262.693
9, -272.393, 268.641
9, -293.779, 312.736
9, -303.026, 307.654
9, -317.165, 0.0
9, -213.912, 226.3
9, -238.206, 247.666
9, -211.727, 220.036
9, -0.0, 214.016
9, -0.0, 232.019
9, -263.179, 0.0
9, -213.081, 214.059
9, -230.693, 262.425
9, -302.802, 282.355
9, -184.975, 168.855
9, -0.0, 162.604
9, -153.775, 149.837
9, -297.257, 276.628
9, -276.091, 0.0
9, -255.792, 244.191
9, -279.148, 262.227
9, -327.636, 331.494
9, -292.963, 301.855
9, -0.0, 0.0
9, -317.52, 285.267
9, -0.0, 244.303
9, -268.086, 267.946
9, -280.135, 278.704
9, -203.373, 0.0
9, -267.653, 257.875
9, -0.0, 272.628
9, -275.822, 0.0
9, -264.294, 0.0
9, -0.0, 0.0
9, -0.0, 144.133
9, -0.0, 233.252
9, -185.248, 197.912
9, -178.745, 198.927
9, -155.017, 146.774
9, -231.206, 251.572
9, -220.167, 219.752
9, -190.623, 203.817
9, -304.106, 311.749
9, -0.0, 242.276
9, -225.445, 0.0
9, -277.504, 288.483
9, -0.0, 300.746
9, -251.69, 282.515
9, -189.035, 181.038
9, -206.558, 213.234
9, -180.775, 0.0
9, -286.028, 290.984
9, -250.186, 233.79
9, -247.475, 247.504
9, -230.169, 0.0
9, -0.0, 288.512
9, -346.015, 309.521
9, -0.0, 0.0
9, -284.174, 0.0
9, -0.0, 293.442
9, -0.0, 0.0
9, -0.0, 124.531
9, -266.384, 235.661
9, -288.754, 230.8
9, -0.0, 289.384
9, -294.204, 0.0
9, -339.507, 320.425
9, -289.105, 249.857
9, -0.0, 0.0
9, -220.401, 188.929
9, -206.104, 172.718
9, -0.0, 129.217
9, -202.979, 184.494
9, -0.0, 0.0
9, -147.331, 123.043
9, -139.932, 115.739
9, -186.721, 161.356
9, -0.0, 96.72
9, -121.616, 98.333
9, -0.0, 326.449
9, -0.0, 286.943
9, -249.938, 277.937
9, -249.293, 266.237
9, -273.177, 290.5
9, -276.699, 294.309
9, -0.0, 262.824
9, -280.968, 301.95
9, -282.359, 294.963
9, -263.235, 270.96
9, -248.505, 268.473
9, -0.0, 0.0
9, -235.135, 239.322
9, -227.185, 187.415
9, -195.908, 167.596
9, -236.176, 0.0
9, -220.957, 0.0
9, -265.289, 234.124
9, -191.836, 188.597
9, -181.722, 190.876
9, -223.274, 215.368
9, -238.008, 232.671
9, -279.05, 300.048
9, -230.412, 228.601
9, -220.923, 240.12
9, -203.624, 202.203
9, -217.743, 218.395
9, -106.66, 0.0
9, -175.537, 176.873
9, -289.77, 0.0
9, -167.516, 172.592
9, -207.436, 208.981
9, -252.475, 267.766
9, -88.0655, 77.8613
9, -0.0, 210.701
9, -141.126, 134.291
9, -131.65, 133.605
9, -84.3181, 84.3833
9, -101.673, 92.6687
9, -164.345, 152.813
9, -95.4428, 92.8235
9, -142.766, 135.124
9, -0.0, 0.0
9, -0.0, 176.713
9, -210.397, 220.753
9, -193.057, 211.969
9, -165.553, 193.087
9, -189.099, 0.0
9, -139.996, 0.0
9, -170.787, 0.0
9, -141.075, 149.744
9, -123.591, 128.185
9, -0.0, 129.402
9, -0.0, 0.0
9, -136.865, 139.538
9, -190.428, 202.762
9, -0.0, 124.094
9, -0.0, 118.363
9, -98.6047, 92.6616
9, -277.7, 0.0
9, -263.846, 264.866
9, -0.0, 302.301
9, -317.526, 0.0
9, -295.179, 281.927
9, -0.0, 317.424
9, -352.799, 326.05
9, -228.453, 236.405
9, -226.414, 0.0
9, -244.271, 208.086
9, -249.029, 228.375
9, -283.646, 277.292
9, -217.931, 0.0
9, -257.094, 226.268
9, -205.326, 205.411
9, -213.112, 0.0
9, -0.0, 149.663
9, -203.446, 207.079
9, -0.0, 153.643
9, -0.0, 213.515
9, -179.419, 173.658
9, -0.0, 192.719
9, -245.455, 0.0
9, -242.267, 247.952
9, -131.096, 136.453
9, -154.05, 156.548
9, -149.141, 159.452
9, -161.232, 173.222
9, -109.052, 0.0
9, -149.947, 160.661
9, -179.358, 187.354
9, -215.235, 228.027
9, -0.0, 154.954
9, -217.774, 252.77
9, -202.378, 0.0
9, -0.0, 153.426
9, -148.211, 154.014
9, -194.406, 205.375
9, -186.05, 0.0
9, -334.977, 0.0
9, -280.712, 306.538
9, -233.3, 0.0
9, -207.236, 217.649
9, -216.175, 0.0
9, -0.0, 254.536
9, -0.0, 202.615
9, -280.825, 302.291
9, -0.0, 250.704
9, -244.295, 0.0
9, -305.757, 0.0
9, -279.499, 0.0
9, -0.0, 0.0
9, -319.148, 308.113
9, -247.153, 228.039
9, -250.406, 0.0
9, -298.599, 304.85
9, -238.748, 250.435
9, -0.0, 269.687
9, -219.109, 0.0
9, -0.0, 213.908
9, -252.757, 257.408
9, -0.0, 216.74
9, -190.318, 196.899
9, -126.158, 0.0
9, -0.0, 243.344
9, -174.202, 182.389
9, -186.073, 198.77
9, -139.521, 149.181
9, -0.0, 192.044
9, -204.027, 216.994
9, -208.404, 206.39
9, -206.241, 222.808
9, -233.385, 0.0
9, -196.531, 208.544
9, -0.0, 218.248
9, -0.0, 169.611
9, -178.786, 184.153
9, -180.305, 190.918
9, -125.416, 129.957
9, -134.62, 133.113
9, -206.778, 195.471
9, -172.252, 177.619
9, -196.358, 193.328
9, -244.299, 225.799
9, -0.0, 241.354
9, -0.0, 216.166
9, -265.258, 253.364
9, -205.014, 189.359
9, -201.794, 190.7
9, -188.347, 183.317
9, -202.318, 0.0
9, -203.94, 205.09
9, -196.469, 183.982
9, -253.436, 0.0
9, -243.175, 0.0
9, -160.753, 158.064
9, -207.244, 0.0
9, -201.964, 208.676
9, -250.541, 0.0
9, -282.831, 294.752
9, -217.835, 205.339
9, -199.511, 232.875
9, -250.222, 272.264
9, -252.378, 267.911
9, -0.0, 300.633
9, -216.039, 216.955
9, -0.0, 265.101
9, -0.0, 148.982
9, -169.585, 0.0
9, -218.055, 206.919
9, -191.552, 195.835
9, -138.659, 0.0
9, -0.0, 0.0
9, -193.202, 192.863
9, -163.793, 167.461
9, -0.0, 265.372
9, -254.503, 271.581
9, -284.219, 0.0
9, -296.695, 314.418
9, -263.961, 268.924
9, -227.401, 0.0
9, -278.213, 269.196
9, -259.263, 0.0
9, -255.547, 271.774
9, -250.57, 262.825
9, -280.014, 271.107
9, -237.634, 242.386
9, -265.616, 271.77
9, -242.783, 235.411
9, -222.201, 222.867
9, -235.284, 222.066
9, -186.53, 178.166
9, -0.0, 179.889
9, -0.0, 207.849
9, -0.0, 0.0
9, -239.084, 270.515
9, -215.572, 226.608
9, -286.874, 291.877
9, -183.009, 183.11
9, -139.033, 140.982
9, -207.954, 202.127
9, -219.437, 222.133
9, -191.706, 184.994
9, -194.275, 198.999
9, -200.574, 206.913
9, -0.0, 225.396
9, -174.767, 179.038
9, -235.507, 257.601
9, -0.0, 259.617
9, -0.0, 218.086
9, -0.0, 152.406
9, -0.0, 144.124
9, -0.0, 155.847
9, -155.328, 0.0
9, -0.0, 290.178
9, -0.0, 168.562
9, -225.654, 247.388
9, -259.038, 275.05
9, -220.003, 227.864
9, -0.0, 0.0
9, -0.0, 235.325
9, -256.574, 259.246
9, -235.693, 0.0
9, -187.849, 178.822
9, -0.0, 253.849
9, -267.806, 288.6
9, -285.56, 300.143
9, -283.616, 0.0
9, -0.0, 300.069
9, -309.756, 289.758
9, -269.507, 261.084
9, -224.839, 223.678
9, -267.416, 247.056
9, -289.635, 254.486
9, -0.0, 220.753
9, -0.0, 226.987
9, -257.146, 0.0
9, -250.096, 241.343
9, -181.793, 182.64
9, -214.328, 198.701
9, -244.141, 233.762
9, -260.765, 238.879
9, -244.452, 240.273
9, -262.023, 269.191
9, -272.018, 271.679
9, -245.523, 253.787
9, -305.436, 304.26
9, -279.325, 269.465
9, -0.0, 249.854
9, -0.0, 251.295
9, -275.604, 280.299
9, -263.833, 0.0
9, -257.31, 260.669
9, -277.207, 0.0
9, -204.167, 217.845
9, -223.72, 224.567
9, -0.0, 303.85
9, -285.269, 275.39
9, -0.0, 283.533
9, -233.714, 233.497
9, -0.0, 243.174
9, -232.952, 247.831
9, -295.691, 302.952
9, -246.526, 264.053
9, -214.667, 0.0
9, -197.493, 194.017
9, -0.0, 237.465
9, -189.984, 0.0
9, -200.677, 225.105
9, -208.878, 0.0
9, -157.315, 155.682
9, -0.0, 243.233
9, -273.873, 279.459
9, -244.564, 256.596
9, -226.727, 0.0
9, -0.0, 232.134
9, -0.0, 0.0
9, -212.818, 224.981
9, -247.317, 0.0
9, -243.992, 257.733
9, -232.891, 247.536
9, -174.065, 197.854
9, -154.755, 0.0
9, -126.823, 0.0
9, -0.0, 0.0
9, -298.791, 0.0
9, -235.991, 226.825
9, -225.11, 220.311
9, -0.0, 0.0
9, -285.741, 0.0
9, -0.0, 0.0
9, -229.138, 192.039
9, -238.964, 227.833
9, -265.382, 265.228
9, -168.576, 142.894
9, -0.0, 166.849
9, -0.0, 171.811
9, -198.758, 0.0
9, -202.816, 213.793
9, -232.758, 0.0
9, -171.68, 0.0
9, -221.684, 246.483
9, -213.806, 224.418
9, -169.237, 167.655
9, -166.012, 0.0
9, -0.0, 0.0
9, -198.281, 205.808
9, -163.19, 0.0
9, -316.321, 301.394
9, -260.733, 272.528
9, -250.529, 224.514
9, -214.5, 203.296
9, -272.166, 0.0
9, -257.055, 239.972
9, -184.32, 180.744
9, -0.0, 260.66
9, -225.942, 218.863
9, -244.263, 260.777
9, -259.551, 0.0
9, -292.834, 306.133
9, -257.313, 263.991
9, -0.0, 0.0
9, -219.617, 202.316
9, -249.785, 249.697
9, -211.9, 0.0
9, -270.819, 0.0
9, -0.0, 221.577
9, -239.678, 253.38
9, -233.907, 0.0
9, -224.478, 227.97
9, -140.397, 135.759
9, -70.1638, 71.8081
9, -194.722, 205.707
9, -157.449, 169.612
9, -135.985, 129.692
9, -269.197, 266.857
9, -172.125, 186.379
9, -188.942, 0.0
9, -259.424, 283.575
9, -127.453, 130.852
9, -231.829, 246.232
9, -94.0269, 100.194
9, -176.03, 200.158
9, -173.726, 173.725
9, -163.383, 0.0
9, -206.595, 213.733
9, -169.053, 0.0
9, -0.0, 169.53
9, -0.0, 248.168
9, -161.034, 0.0
9, -0.0, 173.372
9, -150.201, 173.039
9, -147.481, 152.677
9, -111.912, 119.49
9, -133.596, 139.212
9, -177.579, 177.524
9, -167.802, 176.287
9, -187.861, 193.581
9, -128.168, 136.075
9, -209.647, 220.02
9, -0.0, 127.131
9, -148.227, 153.09
9, -94.2643, 82.9298
9, -77.0584, 90.8561
9, -127.695, 0.0
9, -207.96, 0.0
9, -192.836, 195.003
9, -0.0, 124.819
9, -0.0, 184.388
9, -157.091, 165.969
9, -181.005, 192.692
9, -182.735, 190.502
5, -90.1445, 82.7496
5, -57.6347, 31.2306
5, -96.0837, 0.0
5, -0.0, -2.05368
5, -65.796, 54.9622
5, -20.2485, 29.624
5, -48.7928, 57.4593
5, -245.199, 219.56
5, -200.612, 0.0
5, -154.342, 0.0
5, -167.548, 127.901
5, -62.1765, 35.717
5, -59.9816, 43.7051
5, -128.414, 81.3623
5, -129.132, 99.0604
5, -161.314, 128.754
5, -0.0, 0.0
5, 37.8662, -0.0
5, -35.4205, -0.0
5, -145.135, 99.4103
5, -41.0371, 60.4157
5, -85.5676, 0.0
5, -67.1343, 53.6192
5, -118.102, 73.3799
5, -121.438, 0.0
5, -124.254, 91.2227
5, -22.3886, -31.2904
5, -0.0, 43.0875
5, -0.0, 0.0
5, -21.9343, 15.4355
5, -29.0491, 5.17025
5, -0.0, 116.348
5, 50.1185, -80.7151
5, -0.0, 0.0
5, -0.0, 73.7541
5, -102.129, 0.0
5, -121.169, 0.0
5, -177.005, 132.59
5, -98.9604, 79.7339
5, -92.7804, 35.0202
5, -43.02, 41.6725
5, -0.0, 69.9161
5, 0.0, 10.27
5, -199.112, 0.0
5, -72.8282, 10.986
5, -153.218, 0.0
5, -182.696, 137.953
5, -12.9038, -5.95787
5, -35.631, 18.956
5, -137.726, 136.636
5, -53.3909, 20.4157
5, -237.357, 215.491
5, -109.814, 0.0
5, -217.682, 174.212
5, -205.204, 0.0
5, -149.183, 160.34
5, -110.868, 62.5352
5, -0.0, 0.0
5, -31.7157, 0.0
5, -61.4537, 65.9205
5, -164.948, 0.0
5, -66.8563, 28.2616
5, -74.5851, 47.26
5, -15.2755, -42.4235
5, -108.987, 25.7549
5, -0.0, 140.725
5, 120.654, -155.499
5, -59.1261, 55.6546
5, -150.673, 123.5
5, -75.1418, 43.5846
5, -58.0936, 55.2732
5, -55.9516, 9.15812
5, -149.053, 0.0
5, -0.0, 240.929
5, -52.1542, 34.0391
5, -96.3242, 76.4934
5, -103.844, 0.0
5, -86.2713, 21.6317
5, -0.965324, -17.0877
5, -188.673, 122.666
5, -80.8106, 44.1776
5, -103.435, 98.4815
5, -125.938, 99.392
5, -139.211, 0.0
5, -43.8172, 42.8517
5, -128.767, 91.3506
5, -220.948, 175.688
5, -106.59, 33.7853
5, -196.068, 177.728
5, -44.5521, 0.0
5, -104.553, 47.0581
5, -170.592, 0.0
5, -158.901, 126.728
5, -171.609, 120.265
5, -19.0815, -43.0302
5, -120.553, 84.9075
5, -0.0, 52.5719
5, -63.5238, 42.3683
5, -142.033, 100.925
5, -0.0, 172.953
5, 23.5876, -25.5904
5, -0.0, -0.0
5, -108.912, 0.0
5, -0.0, 0.0
5, -98.1046, 62.9235
5, -0.0, 0.0
5, -238.063, 192.577
5, -0.0, 139.811
5, -12.2292, -0.0
5, -90.4636, 80.9514
5, -49.7783, 0.0
5, 0.0, 0.0
5, -114.426, 51.0567
5, -102.119, 0.0
5, -73.6824, 58.0315
5, -69.8775, 46.8431
5, -28.8924, 37.4068
5, -268.268, 0.0
5, -169.048, 105.607
5, -125.909, 139.879
5, -107.181, 93.479
5, -29.5126, -25.6652
5, -42.8033, 35.1888
5, -69.4349, 14.1392
5, 28.8117, -82.3353
5, -84.3178, 43.0283
5, -1.11468, -0.0
5, 2.74589, -0.0
5, 0.0, -0.0
5, 8.58236, -23.3124
5, -127.373, 91.4827
5, -191.682, 147.908
5, -0.0, 143.138
5, -105.956, 81.6793
5, -59.3175, 41.0515
5, -87.7637, 75.5385
5, -0.0, 104.573
5, -174.914, 0.0
5, -0.0, 142.387
5, -139.35, 108.589
5, -70.1544, 0.0
5, -165.988, 114.798
5, -0.0, 0.0
5, -192.701, 144.813
5, -0.0, -13.8808
5, -7.1891, -22.6286
5, -186.229, 172.338
5, -76.7374, 114.881
5, -0.0, 165.415
5, -184.623, 0.0
5, -0.0, 156.862
5, -155.23, 109.667
5, -39.4052, -12.3085
5, -240.012, 192.648
5, 0.0, -49.0035
5, 45.0957, -78.1298
5, -142.157, 128.742
5, -179.016, 155.269
5, -224.845, 216.362
5, -42.1051, 0.0
5, -280.154, 0.0
5, -0.0, 133.423
5, -17.0645, -2.17852
5, -152.402, 116.177
5, -0.0, 51.8681
5, -73.4072, 78.8404
5, -141.331, 0.0
5, -0.0, 144.244
5, -70.5189, 76.5156
5, -79.7898, 70.9421
5, -21.8203, 2.46173
5, -78.2491, 67.0961
5, -4.03596, -44.4682
5, 2.20727, -34.1779
5, -56.8905, 0.0
5, -0.0, 76.3337
5, -132.995, 0.0
5, -131.194, 0.0
5, -222.093, 206.036
5, -76.381, 61.4938
5, -112.087, 40.6674
5, -0.0, 174.302
5, -41.513, 43.6455
5, -124.678, 0.0
5, -52.557, 32.4234
5, 59.465, -37.3649
5, 0.0, -131.414
5, -127.268, 111.307
5, -31.9626, 0.0
5, -175.944, 162.624
5, -0.0, 4.12258
5, -136.673, 99.5048
5, -137.901, 107.771
5, -62.8799, -35.896
5, -185.109, 127.277
5, -0.0, 0.0
5, -69.9135, 47.1279
5, -107.275, 0.0
5, -39.7271, 0.0
5, -39.4511, 31.0766
5, -89.166, 0.0
5, -163.001, 126.236
5, -103.004, 66.0089
5, 43.0143, -35.2035
5, 16.6694, -19.7478
5, 35.9073, -0.0
5, -93.321, 83.5945
5, -142.415, 115.608
5, -44.212, -0.0
5, -273.724, 182.294
5, -48.507, 64.0186
5, -0.0, 0.0
5, -99.1434, 60.7956
5, 0.0, -23.5668
5, -70.5555, 75.9647
5, -47.3989, 48.5661
5, -83.3445, 67.9579
5, -143.344, 131.266
5, -92.2836, 0.0
5, -42.9938, 52.8178
5, -139.288, 0.0
5, 15.9315, -19.2674
5, -143.032, 121.039
5, -91.1821, 0.0
5, -182.991, 0.0
5, -59.9755, 73.7792
5, -179.992, 119.127
5, -81.0188, 15.7167
5, -0.0, 5.43881
5, -85.2279, 127.282
5, -80.4805, 11.8535
5, -99.7056, 33.5416
5, -106.488, 130.64
5, -123.78, 81.617
5, -216.126, 0.0
5, -183.159, 0.0
5, -49.5361, 24.8662
5, -143.215, 60.8327
5, -60.0745, 0.0
5, -56.0829, 55.213
5, -0.0, 0.0
5, -70.2658, -4.57687
5, -0.0, 0.0
5, -54.2102, 0.0
5, -87.8368, 91.444
5, -114.277, 115.36
5, -132.71, 120.874
5, -45.7567, 30.7474
5, -87.7468, 61.4066
5, -0.0, 0.0
5, -36.8448, 0.0
5, -2.01673, 0.0
5, -0.0, 5.59545
5, -255.342, 0.0
5, 26.9038, -31.0681
5, -94.4183, 75.8928
5, -59.5574, 41.0538
5, -0.0, 77.3301
5, -0.0, 143.389
5, -160.258, 115.204
5, -65.5318, 48.3996
5, -155.309, 154.387
5, -38.3561, 0.0
5, -150.2, 158.643
5, -110.016, 71.172
5, -95.6892, 49.9541
5, -191.73, 0.0
5, -2.78274, -38.7527
5, -107.931, 54.9708
5, -0.0, 104.784
5, -0.0, 146.214
5, -84.1386, 78.7556
5, -146.773, 74.6012
5, 7.10124, -31.9649
5, -5.76068, -1.53587
5, -189.017, 125.578
5, -0.0, 49.5337
5, -102.941, 57.3529
5, 61.0136, -105.058
5, 70.3946, -84.4192
5, -237.028, 212.039
5, -69.188, 0.0
5, -86.8046, 51.0975
5, -135.031, 81.8637
5, -109.854, 94.4326
5, -95.8069, 60.1045
5, -0.0, 0.0
5, -0.0, -5.63722
5, -77.7703, 25.6589
5, -0.0, 0.0
5, -163.803, 135.501
5, -218.832, 0.0
5, -81.5526, 79.4145
5, -101.246, 68.5518
5, -212.032, 0.0
5, -149.69, 110.607
5, -178.845, 160.416
5, -170.249, 164.845
5, -0.0, 51.7842
5, -8.2886, 0.248064
5, -98.8838, 72.1504
5, -165.036, 125.85
5, -0.0, 39.199
5, -82.2079, 92.7478
5, -107.284, 0.0
5, -134.303, 140.938
5, -200.555, 143.2
5, -125.838, 121.689
5, -0.0, 11.2999
5, -0.0, 108.308
5, -0.0, 38.866
5, -0.0, 121.568
5, -82.8376, 27.2579
5, -46.1639, 37.7516
5, -115.626, 0.0
5, -0.0, 58.7742
5, -173.451, 120.032
5, -90.2785, 63.8702
5, -75.6676, 9.66158
5, 0.0, -105.632
5, -60.2163, -15.5402
5, -91.7096, 63.2249
5, 0.0, -14.3249
5, 0.0, -0.0
5, 32.7118, -30.2065
5, -0.0, 111.411
5, -167.577, 121.837
5, -197.098, 146.989
5, -71.4014, 93.5978
5, -0.0, 0.0
5, -121.695, 85.2488
5, -17.4392, 0.0
5, -206.115, 176.506
5, -204.726, 200.392
5, -147.024, 107.399
5, 9.93581, -0.0
5, -141.337, 111.076
5, -4.24925, 0.0
5, -9.91695, -55.2467
5, -58.534, 32.6439
5, -161.304, 134.66
5, -60.2629, 40.7792
5, -177.884, 172.285
5, -79.3309, 0.0
5, -86.5462, 8.44217
5, -0.0, 7.66061
5, -169.367, 145.074
5, -183.917, 174.825
5, -9.77607, -24.3206
5, -82.7198, 88.4874
5, -94.4351, 49.6015
5, -71.1931, 51.5943
5, -248.242, 188.332
5, 0.0, -58.4044
5, -49.3754, 26.5785
5, -0.0, -30.0374
5, -90.6457, 0.0
5, -71.3798, 17.338
5, -7.43001, -0.0
5, -193.429, 0.0
5, -114.552, 103.614
5, -0.0, 0.0
5, -69.6005, 75.3606
5, -174.24, 139.405
5, -0.0, -8.12266
5, -23.2676, 28.8373
5, -20.0701, -0.0
5, -71.865, 0.0
5, -117.058, 124.002
5, -78.97, 46.8424
5, -117.634, 40.993
5, -43.2269, -2.52231
5, 41.6871, -55.1076
5, -56.4868, -0.615853
5, -189.339, 130.644
5, -194.208, 194.09
5, -91.8667, 59.8083
5, -211.061, 188.102
5, -0.0, -6.99998
5, -0.0, 74.9363
5, -68.5958, 69.8275
5, -80.1938, 60.6819
5, -76.8229, 22.0886
5, -75.2453, 29.2242
5, -40.6092, 15.4725
5, -23.4441, 2.39446
5, -216.668, 205.523
5, -121.958, 64.4228
5, -166.98, 0.0
5, -200.566, 189.704
5, -108.399, 59.7521
5, -106.452, 86.9417
5, -109.649, 67.2805
5, -95.5401, 97.2579
5, -76.5921, 68.2573
5, -233.218, 208.028
5, -149.816, 0.0
5, 4.27211, -0.0
5, -19.9224, -28.1639
5, -117.646, 0.0
5, -6.53585, 0.0
5, -0.0, -0.0
5, -51.3707, 0.0
5, -54.4786, 14.5026
5, -0.0, 78.556
5, -22.2553, 0.0
5, -152.332, 126.539
5, -93.1887, 92.5016
5, 11.3428, -15.6724
5, -201.396, 179.163
5, -57.733, 20.3355
5, -66.6935, 17.4636
5, 2.00053, 29.115
5, -19.9622, 37.1295
5, -199.914, 0.0
5, -121.798, 94.0955
5, -0.0, 85.6603
5, -149.246, 145.172
5, -251.404, 244.71
5, -234.326, 215.868
5, -0.0, 70.9969
5, -56.1092, 42.478
5, -186.415, 158.559
5, -102.507, 63.1943
5, 135.057, -144.974
5, -127.178, 116.429
5, 0.0, -0.0
5, -40.7602, -5.23162
5, -0.0, 142.26
5, -0.0, 121.882
5, -126.212, 94.0355
5, -49.1676, -10.1293
5, -0.0, 0.0
5, -204.896, 109.252
5, -189.821, 0.0
5, -47.6102, -9.87673
5, 33.1014, -39.6003
5, -124.758, 63.7354
5, -120.562, 103.215
5, 16.3855, -0.0
5, -128.754, 123.244
5, -68.2627, 27.675
5, -133.148, 80.4598
5, -0.0, 85.3842
5, 11.0648, -18.3132
5, -162.883, 163.697
5, -0.0, 85.5481
5, -125.945, 102.368
5, 0.0, -0.0
5, -0.0, 135.907
5, -254.324, 217.332
5, -65.6275, 0.0
5, -0.0, 73.3179
5, -161.289, 0.0
5, -128.829, 116.495
5, -0.0, 0.0
5, -0.0, 11.6523
5, -198.683, 119.018
5, 68.658, -72.8434
5, 123.743, -137.99
5, -0.0, -4.34464
5, -32.9569, 14.8258
5, 57.8417, -0.0
5, 33.6304, -39.0863
5, -145.357, 104.65
5, -0.0, 83.4248
5, -96.0705, 44.0176
5, -146.618, 140.779
5, -167.618, 125.255
5, -110.068, 96.3381
5, -158.87, 114.315
5, -188.525, 154.981
5, -145.195, 100.738
5, -134.486, 0.0
5, -149.353, 141.167
5, -110.08, 79.0849
5, -0.0, 38.8676
5, -0.0, 0.0
5, -160.264, 163.509
5, -154.668, 121.031
5, -137.902, 124.459
5, -222.919, 194.891
5, -262.092, 229.708
5, -157.258, 170.391
5, -218.215, 205.36
5, -0.0, 142.379
5, -0.0, 180.457
5, -209.46, 194.432
5, -227.924, 179.24
5, -0.0, 99.7728
5, 0.363919, -25.5892
5, -67.1891, 28.9154
5, -95.4455, 56.5949
5, -21.2187, -12.0322
5, -150.326, 0.0
5, 1.00724, -10.8781
5, -0.0, 30.8078
5, -160.218, 0.0
5, -46.4755, 37.2671
5, -58.9835, 54.276
5, -39.8703, 0.0
5, -12.7288, 5.12095
5, -113.273, 58.8273
5, -91.0732, 0.0
5, -80.437, 47.9732
5, -70.0914, 43.7599
5, -64.0702, 9.00243
5, 15.0465, -0.0
5, -126.629, 49.4597
5, -119.753, 63.1203
5, -176.901, 128.949
5, -26.7588, -14.1266
5, -54.6646, 36.299
5, -199.585, 0.0
5, -0.0, 109.057
5, -50.6629, 26.3535
5, -188.698, 156.94
5, -0.0, 0.0
5, -196.931, 146.948
5, -148.509, 112.864
5, -26.1325, 0.0
5, -162.981, 115.79
5, -156.286, 128.05
5, 0.0, -51.8309
5, -151.987, 118.908
5, -178.208, 156.732
5, -210.041, 0.0
5, -78.884, 30.0617
5, -0.0, 0.0
5, -111.384, 94.5399
5, -96.955, 46.3519
5, -174.813, 129.573
5, -180.934, 149.402
5, -102.725, 66.3611
5, -125.894, 0.0
5, -0.837563, 2.68383
5, -152.177, 93.6634
5, -133.27, 79.171
5, -265.443, 212.642
5, -0.0, 179.923
5, -144.251, 0.0
5, -97.6383, 93.0504
5, -0.0, 0.0
5, -187.931, 0.0
5, -196.683, 0.0
5, -105.27, 98.9028
5, -31.3311, 22.1766
5, -120.638, 139.563
5, -196.477, 162.341
5, -142.856, 151.477
5, -112.426, 84.9016
5, -193.784, 0.0
5, -149.29, 127.608
5, -0.0, 6.05499
5, 55.2415, -80.735
5, -23.133, -8.55196
5, 0.0, -43.6968
5, -6.93414, -0.0
5, 28.1373, -0.0
5, -39.2088, 20.9426
5, -1.15743, -18.7803
5, -31.9529, -0.561239
5, -111.002, 0.0
5, -0.0, 93.108
5, -77.9053, 55.458
5, -211.538, 0.0
5, -0.0, 105.943
5, -142.936, 0.0
5, -116.877, 69.7271
5, -103.873, 55.6111
5, -138.284, 0.0
5, -161.874, 119.724
5, -129.31, 104.722
5, -124.025, 0.0
5, -85.2473, 63.8898
5, -20.338, 13.4059
5, -22.4088, -15.3367
5, 7.76737, -0.0
5, -69.6389, 34.4046
5, -104.72, 68.1887
5, -74.0627, 0.0
5, -45.0267, -0.0
5, -68.3444, 0.0
5, -10.4568, -25.2475
5, 34.4381, -63.7515
5, -50.8935, -5.48677
5, -30.672, -0.0
5, -70.714, 9.18191
5, -56.0961, 18.2984
5, -99.4326, 51.9705
5, -83.3189, 51.5728
5, -0.0, 42.6992
5, -73.2027, 32.3512
5, -120.506, 0.0
5, -47.1504, 4.14642
5, -120.048, 48.0118
5, -73.6345, 40.357
5, -105.998, 47.0008
5, -113.465, 60.6181
5, -154.347, 138.392
5, -146.504, 112.622
5, 13.8636, -32.2783
5, -94.7647, 52.2565
5, 0.0, -20.2829
5, -25.0678, 9.0358
5, -137.253, 0.0
5, -217.198, 177.454
5, 5.96715, -63.334
5, -128.049, 116.243
5, 29.9873, -98.3479
5, -46.8419, -0.0
5, -22.421, -0.0
5, -87.11, 54.8528
5, -5.37356, -1.06426
5, -188.865, 126.612
5, -0.0, 111.088
5, -0.0, 115.822
5, -67.1597, 30.8384
5, -0.0, 0.0
5, -187.373, 184.026
5, -138.321, 80.5991
5, -100.299, 68.3465
5, -197.205, 170.286
5, -154.09, 0.0
5, -0.0, 0.0
5, -92.426, 0.0
5, -43.3191, -34.0915
5, -17.0611, -0.0
5, -157.123, 0.0
5, -164.214, 89.9433
5, -0.0, 74.2405
5, -0.0, 18.0744
5, -71.5091, -0.106765
5, -42.4195, 5.42991
5, -84.0198, 0.0
5, -0.0, -42.3076
5, -67.829, 36.3742
5, -85.7197, 41.9073
5, -113.598, 53.5668
5, -88.8385, 34.8578
5, -65.6413, 22.2002
5, -92.0391, 45.2175
5, -82.6861, 0.0
5, -139.387, 94.8803
5, -0.0, 14.0921
5, -67.1947, 17.3784
5, -0.0, 90.8654
5, -65.8266, 32.2024
5, -19.2456, -23.2009
5, -0.0, -22.2178
5, -14.5094, -22.4969
5, -111.65, 0.0
5, -151.34, 133.522
5, -57.6601, 0.0
5, -67.8627, 0.0
5, -84.1235, 38.0607
5, -86.0572, 48.376
5, -171.586, 0.0
5, -175.614, 0.0
5, -116.608, 79.4447
5, -114.428, 89.132
5, -0.0, 0.0
5, -143.888, 106.203
5, -115.68, 73.0396
5, -0.0, 50.2411
5, -175.155, 118.603
5, -40.1315, 29.1574
5, -100.251, 81.9713
5, 12.6495, -35.8296
5, -126.545, 93.4798
5, 75.2566, -104.545
5, -0.0, 55.7545
5, -17.0524, -12.4293
5, -163.983, 123.962
5, -0.0, 111.245
5, -139.177, 103.325
5, -0.0, 179.8
5, 13.3681, -0.0
5, -16.2496, -16.2807
5, -4.35532, -38.6891
5, 17.2416, -0.0
5, -0.0, 101.04
5, 56.543, -0.0
5, -0.0, 39.4281
5, -66.6381, 26.0372
5, -0.0, 99.9187
5, 13.5472, 3.77032
5, -0.0, 0.0
5, 49.6632, -17.6386
5, 0.0, -14.4452
5, -1.62296, 18.111
5, -98.5451, 107.006
5, -12.8855, 28.8613
5, -104.344, 107.926
5, -0.0, 0.0
5, -0.0, 81.9786
5, -132.664, 150.33
5, -111.918, 114.056
5, -33.6292, 2.91091
5, -52.4175, 4.31329
5, -27.7238, -2.13692
5, -86.4617, 53.5439
5, -64.0348, 7.91461
5, -0.0, 71.8195
5, 0.0, -74.1136
5, -63.4398, 15.1136
5, -52.4682, -2.18831
5, 10.4656, -45.4407
5, 74.0796, -140.196
5, 74.5897, -110.729
5, 78.7809, -114.942
5, 90.4775, -160.984
5, -94.5743, 34.9215
5, 0.0, -55.4595
5, 0.0, -165.696
5, -15.7455, -17.4613
5, -103.459, 44.934
5, -111.433, 60.0426
5, -138.298, 114.446
5, -51.5791, 23.9868
5, -0.0, 0.0
5, 0.0, -0.0
5, -0.0, -37.6339
5, -163.035, 85.7351
5, -145.405, 70.0647
5, -16.6287, -0.0
5, -41.1167, 5.88513
5, -11.3898, -0.0
5, -185.318, 120.993
5, -0.0, 101.315
5, -150.913, 0.0
5, -50.7689, 33.0707
5, 0.0, -0.0
5, -60.3537, 32.6187
5, -149.658, 0.0
5, -0.0, -0.0
5, -0.0, 0.0
5, 0.0, -99.7591
5, -24.4062, 5.91708
5, -101.604, 45.5176
5, -61.5645, 37.1424
5, -79.2462, 35.4004
5, -47.3003, 0.0
5, -0.0, 40.817
5, 7.76833, -0.0
5, 0.0, -43.9926
5, 25.6055, -37.5083
5, -84.0534, 31.3145
5, 60.4083, -74.4371
5, -46.7129, 0.0
5, -137.463, 98.9673
5, -13.0415, -11.0977
5, -14.9187, 0.0
5, -75.6455, 34.3044
5, -17.6198, -26.7202
5, -42.8298, 27.4038
5, -197.773, 0.0
5, -30.722, -20.929
5, -137.436, 0.0
5, -121.642, 85.8258
5, -25.7362, 17.2488
5, -172.303, 0.0
5, -0.877407, -25.6188
5, -113.542, 0.0
5, -91.7212, 45.0439
5, -130.053, 103.454
5, -148.87, 141.958
5, -18.5271, 0.0
5, -45.5613, 0.0
5, -142.81, 121.111
5, -140.863, 139.691
5, -86.2984, 0.0
5, -122.512, 110.776
5, -74.5791, 68.3117
5, -66.1495, 0.0
5, -96.8893, 92.8183
5, -110.449, 108.56
5, -15.7687, 9.08276
5, -90.4953, 49.9215
5, -112.849, 76.18
5, -84.9057, 69.4779
5, -63.1234, 40.0775
5, -87.3747, 68.9575
5, -0.0, 98.4484
5, -0.0, -1.72758
5, -131.461, 83.6923
5, -122.901, 82.8625
5, -32.2962, -4.55595
5, -118.522, 78.5848
5, -127.065, 74.1284
5, -151.232, 0.0
5, -53.841, 12.4261
5, -103.919, 0.0
5, -0.0, 0.0
5, -24.7974, -29.8841
5, -0.0, 0.0
5, -16.2302, -7.09135
5, 35.3374, -0.0
5, -70.9189, 16.6814
5, -0.0, -20.3031
5, -37.9608, 0.0
5, -112.573, 67.9464
5, -125.744, 80.3381
5, -34.6261, 0.0
5, -166.094, 133.736
5, -0.0, -23.0274
5, -0.0, 43.9703
5, 0.0, -108.705
5, 0.0, -26.9553
5, -0.0, 92.7458
5, -141.551, 0.0
5, -80.9548, 0.0
5, -141.119, 111.817
5, -0.0, 26.3795
5, -87.4147, 45.3968
5, -95.3789, 82.8313
5, -0.0, 96.5273
5, -124.427, 107.885
5, -92.0725, 81.449
5, -117.418, 0.0
5, -142.222, 143.866
5, -104.773, 82.4685
5, -4.54847, -35.9542
5, -120.723, 88.8546
5, -0.0, 38.623
5, -90.8441, 59.4371
5, -156.549, 111.921
5, -140.204, 81.0143
5, -0.0, 136.208
5, -0.0, 62.4152
5, -188.129, 136.428
5, -209.823, 190.937
5, -207.038, 170.289
5, -222.419, 185.146
5, -232.034, 195.79
5, -220.712, 143.599
5, -108.038, 60.159
5, -0.0, 169.285
5, -90.986, 49.4309
5, -83.8902, 0.0
5, -0.0, 0.0
5, -0.0, 128.734
5, -51.9561, 16.6868
5, -60.1137, 0.0
5, -10.4022, -26.4615
5, -88.1205, 60.1925
5, -38.0372, -0.0
5, -0.0, -18.7493
5, -65.3805, 16.4572
5, -35.5087, -0.0
5, -185.488, 0.0
5, -114.971, 93.6873
5, -59.7546, 31.7607
5, -0.0, 0.0
5, 1.6107, -15.2762
5, -163.244, 129.312
5, -174.683, 131.196
5, -71.607, 48.3003
5, -149.747, 84.9908
5, -0.0, -0.725628
5, -11.4226, 5.93468
5, 0.0, -40.1955
5, -0.0, 0.0
5, -1.98466, -28.2221
5, -20.5492, -23.6701
5, -74.3047, 34.8381
5, -38.0324, 13.6793
5, -0.0, 7.42745
5, -0.0, -17.4876
5, 83.6084, -107.589
5, -156.653, 145.882
5, 0.0, -0.0
5, -49.027, 0.0
5, 26.3532, -0.0
5, 29.8949, -0.0
5, -0.0, -0.0
5, 0.0, -90.0368
5, -7.53734, -15.4008
5, -0.0, -20.9679
5, -50.4269, 10.2676
5, -4.74058, -0.0
5, -0.0, -16.5636
5, -0.0, 0.0
