6, 2.28901, 0.453547, 1
6, 2.33943, 0.432724, 1
6, 2.24512, 0.41975, 1
6, 2.47515, 0.4117, 1
6, 2.46051, 0.453046, 1
6, 2.67723, 0.397382, 1
6, 2.14647, 0.51514, 1
6, 1.97601, 0.531676, 1
6, 2.08795, 0.520437, 1
6, 2.66022, 0.430679, 1
6, 2.11034, 0.516264, 1
6, 2.05794, 0.488884, 1
6, 2.06323, 0.500195, 1
6, 2.374, 0.428983, 1
6, 2.33383, 0.47418, 1
6, 2.16854, 0.518614, 1
6, 2.93862, 0.604366, 1
6, 2.01385, 0.4835, 1
6, 2.18595, 0.450435, 1
6, 2.24299, 0.458116, 1
6, 1.98496, 0.484704, 1
6, 2.57542, 0.402217, 1
6, 2.59961, 0.410735, 1
6, 2.02224, 0.505461, 1
6, 2.61301, 0.380762, 1
6, 2.35371, 0.431353, 1
6, 2.80374, 0.398871, 1
6, 2.20689, 0.458934, 1
6, 2.18822, 0.533349, 1
6, 2.36263, 0.407009, 1
6, 2.43686, 0.437002, 1
6, 1.92539, 0.533403, 1
6, 2.43573, 0.423131, 1
6, 2.34485, 0.41854, 1
6, 2.6776, 0.348176, 1
6, 2.45183, 0.42936, 1
6, 2.61611, 0.425004, 1
6, 2.91937, 0.319866, 1
6, 2.26284, 0.478458, 1
6, 2.64674, 0.443004, 1
6, 2.20124, 0.440627, 1
6, 2.01455, 0.513546, 1
6, 2.23638, 0.488411, 1
6, 2.74031, 0.356346, 1
6, 2.69, 0.402257, 1
6, 1.94628, 0.506958, 1
6, 2.66673, 0.428221, 1
6, 2.12569, 0.49991, 1
6, 2.53965, 0.38924, 1
6, 2.28836, 0.527924, 1
6, 2.43475, 0.437787, 1
6, 2.26635, 0.478304, 1
6, 2.04772, 0.472794, 1
6, 2.07111, 0.536821, 1
6, 2.01934, 0.5077, 1
6, 2.0131, 0.542235, 1
6, 2.55923, 0.452927, 1
6, 2.32208, 0.382312, 1
6, 2.57741, 0.458458, 1
6, 2.14829, 0.522998, 1
6, 3.08519, 0.38024, 1
6, 1.74805, 0.598533, 1
6, 2.00573, 0.508928, 1
6, 2.13348, 0.487548, 1
6, 2.63223, 0.57255, 1
6, 2.50916, 0.394416, 1
6, 2.41347, 0.418653, 1
6, 3.4162, 0.512131, 1
6, 2.22676, 0.486388, 1
6, 2.23276, 0.468971, 1
6, 1.93794, 0.526448, 1
6, 2.15086, 0.470311, 1
6, 2.08444, 0.538613, 1
6, 2.57075, 0.457278, 1
6, 2.49458, 0.427431, 1
6, 1.87126, 0.538823, 1
6, 2.45586, 0.411963, 1
6, 2.48934, 0.400059, 1
6, 2.95839, 0.373233, 1
6, 2.45762, 0.420864, 1
6, 2.08039, 0.49801, 1
6, 2.57709, 0.338181, 1
6, 2.85663, 0.393943, 1
6, 2.64922, 0.417165, 1
6, 2.01403, 0.561101, 1
6, 2.52614, 0.358849, 1
6, 2.49468, 0.417311, 1
6, 3.47336, 0.423156, 1
6, 2.66565, 0.438916, 1
6, 2.82944, 0.380457, 1
6, 2.16391, 0.474379, 1
6, 2.80381, 0.366089, 1
6, 2.17922, 0.504532, 1
6, 2.75101, 0.505574, 1
6, 2.028, 0.512776, 1
6, 2.18814, 0.415846, 1
6, 1.98696, 0.531283, 1
6, 2.19758, 0.480722, 1
6, 2.6249, 0.455161, 1
6, 3.41331, 0.463725, 1
6, 2.23497, 0.476647, 1
6, 2.37752, 0.467951, 1
6, 2.71843, 0.386613, 1
6, 2.13258, 0.46791, 1
6, 2.12854, 0.493571, 1
6, 2.90763, 0.344035, 1
6, 2.39967, 0.418295, 1
6, 2.38388, 0.416713, 1
6, 2.50599, 0.364676, 1
6, 2.53922, 0.420691, 1
6, 2.77166, 0.533061, 1
6, 2.11981, 0.456701, 1
6, 2.46874, 0.471427, 1
6, 2.14744, 0.458945, 1
6, 3.03947, 0.410263, 1
6, 2.79039, 0.467137, 1
6, 2.17774, 0.469785, 1
6, 2.55371, 0.492295, 1
6, 2.64506, 0.437724, 1
6, 2.3115, 0.598927, 1
6, 2.03125, 0.523611, 1
6, 2.12331, 0.477536, 1
6, 2.68066, 0.430408, 1
6, 2.93346, 0.361366, 1
6, 2.68899, 0.332137, 1
6, 2.42952, 0.463825, 1
6, 2.40418, 0.454629, 1
6, 2.57345, 0.487152, 1
6, 2.0415, 0.535607, 1
6, 2.47882, 0.449763, 1
6, 1.90101, 0.564152, 1
6, 2.50972, 0.357856, 1
6, 2.10661, 0.481898, 1
6, 4.31668, 0.597942, 1
6, 1.81536, 0.564261, 1
6, 2.09033, 0.493757, 1
6, 2.8078, 0.344213, 1
6, 2.40008, 0.405433, 1
6, 2.0438, 0.539014, 1
6, 2.41414, 0.454065, 1
6, 2.49446, 0.446956, 1
6, 2.90183, 0.293449, 1
6, 2.11128, 0.49238, 1
6, 1.94351, 0.527448, 1
6, 3.83228, 0.489303, 1
6, 2.49286, 0.437653, 1
6, 2.46198, 0.435791, 1
6, 2.30852, 0.518489, 1
6, 2.4311, 0.461287, 1
6, 2.89871, 0.466712, 1
6, 2.06515, 0.506904, 1
6, 2.93785, 0.397653, 1
6, 2.47535, 0.46588, 1
6, 2.16305, 0.5411, 1
6, 2.64526, 0.428431, 1
6, 2.26211, 0.439616, 1
6, 2.45004, 0.453681, 1
6, 2.15319, 0.580414, 1
6, 2.93154, 0.509304, 1
6, 1.94452, 0.539505, 1
6, 2.89535, 0.364641, 1
6, 2.23611, 0.452278, 1
6, 2.94265, 0.489182, 1
6, 1.86887, 0.577268, 1
6, 2.21591, 0.463946, 1
6, 2.11853, 0.504975, 1
6, 2.06585, 0.478961, 1
6, 2.27956, 0.452946, 1
6, 2.37348, 0.424194, 1
6, 2.202, 0.468153, 1
6, 2.62701, 0.459265, 1
6, 2.45812, 0.374814, 1
6, 2.10002, 0.495442, 1
6, 2.78087, 0.518988, 1
6, 2.5041, 0.350533, 1
6, 2.81345, 0.491658, 1
6, 2.38885, 0.451647, 1
6, 2.08647, 0.474161, 1
6, 2.15338, 0.4507, 1
6, 2.2878, 0.457141, 1
6, 2.63057, 0.461179, 1
6, 2.13422, 0.504989, 1
6, 2.36214, 0.454521, 1
6, 2.29968, 0.522541, 1
6, 2.90753, 0.381822, 1
6, 2.09661, 0.52961, 1
6, 2.26967, 0.446991, 1
6, 2.12042, 0.491168, 1
6, 2.12634, 0.442039, 1
6, 2.41131, 0.424308, 1
6, 3.72493, 0.357126, 1
6, 2.28379, 0.452786, 1
6, 2.42618, 0.436871, 1
6, 2.42408, 0.571168, 1
6, 2.89418, 0.383369, 1
6, 2.25531, 0.476948, 1
6, 2.42601, 0.471175, 1
6, 2.54054, 0.479358, 1
6, 2.51343, 0.476205, 1
6, 2.29055, 0.436399, 1
6, 2.76563, 0.278974, 1
6, 2.23106, 0.439098, 1
6, 2.45853, 0.513492, 1
6, 2.06901, 0.541625, 1
6, 1.99184, 0.501493, 1
6, 2.3881, 0.414537, 1
6, 2.17977, 0.515728, 1
6, 2.11633, 0.52222, 1
6, 2.46589, 0.567594, 1
6, 2.24264, 0.470729, 1
6, 2.00129, 0.520145, 1
6, 2.18505, 0.461788, 1
6, 1.87179, 0.57269, 1
6, 2.49429, 0.384621, 1
6, 2.79562, 0.304109, 1
6, 2.04832, 0.523072, 1
6, 3.3065, 0.456699, 1
6, 1.98546, 0.515938, 1
6, 1.98927, 0.514164, 1
6, 3.09136, 0.440904, 1
6, 2.84065, 0.416722, 1
6, 2.03156, 0.472293, 1
6, 3.05971, 0.505217, 1
6, 1.77782, 0.566267, 1
6, 2.26756, 0.500639, 1
6, 2.16974, 0.432453, 1
6, 2.22472, 0.501539, 1
6, 2.67415, 0.495248, 1
6, 2.41044, 0.427897, 1
6, 2.43573, 0.430969, 1
6, 2.31852, 0.398366, 1
6, 2.43176, 0.405179, 1
6, 3.15967, 0.461103, 1
6, 2.08063, 0.487279, 1
6, 2.86767, 0.434147, 1
6, 2.92945, 0.34435, 1
6, 3.17942, 0.436653, 1
6, 1.95169, 0.517138, 1
6, 2.07163, 0.498156, 1
6, 2.51602, 0.422417, 1
6, 2.88385, 0.49, 1
6, 2.31352, 0.488452, 1
6, 2.23949, 0.465445, 1
6, 2.61079, 0.539611, 1
6, 2.49891, 0.461731, 1
6, 2.08538, 0.519665, 1
6, 2.81571, 0.455368, 1
6, 2.74657, 0.368673, 1
6, 2.10666, 0.498417, 1
6, 2.67251, 0.537367, 1
6, 2.34548, 0.490164, 1
6, 2.37884, 0.474326, 1
6, 2.06573, 0.536124, 1
6, 2.32559, 0.420026, 1
6, 2.22727, 0.470657, 1
6, 2.00288, 0.519379, 1
6, 2.46417, 0.40311, 1
6, 2.03894, 0.482073, 1
6, 1.818, 0.574245, 1
6, 2.56738, 0.494621, 1
6, 2.52263, 0.384165, 1
6, 2.23086, 0.477282, 1
6, 2.18404, 0.518867, 1
6, 2.30382, 0.453716, 1
6, 2.16907, 0.447807, 1
6, 2.92638, 0.363286, 1
6, 2.07729, 0.523672, 1
6, 2.12607, 0.524754, 1
6, 2.72385, 0.339884, 1
6, 2.45072, 0.458264, 1
6, 2.63743, 0.528234, 1
6, 3.13326, 0.417816, 1
6, 2.01033, 0.525601, 1
6, 2.16999, 0.434848, 1
6, 3.14818, 0.422967, 1
6, 2.80252, 0.465114, 1
6, 2.97161, 0.337526, 1
6, 1.99995, 0.531014, 1
6, 2.46086, 0.418598, 1
6, 2.51685, 0.413824, 1
6, 2.46272, 0.488664, 1
6, 2.3765, 0.50459, 1
6, 2.26674, 0.442554, 1
6, 2.21809, 0.480396, 1
6, 2.65506, 0.481676, 1
6, 2.43898, 0.426289, 1
6, 2.41492, 0.46429, 1
6, 2.15255, 0.497078, 1
6, 2.30098, 0.516265, 1
6, 2.10081, 0.459706, 1
6, 2.20127, 0.490086, 1
6, 2.6614, 0.437922, 1
6, 2.70678, 0.480786, 1
6, 2.37666, 0.452365, 1
6, 2.43169, 0.476296, 1
6, 2.10404, 0.500333, 1
6, 2.56061, 0.430498, 1
6, 2.45051, 0.416474, 1
6, 3.07143, 0.335738, 1
6, 2.5581, 0.364002, 1
6, 2.34401, 0.407233, 1
6, 2.4687, 0.433299, 1
6, 2.77089, 0.413458, 1
6, 3.16155, 0.513597, 1
6, 2.25334, 0.405812, 1
6, 2.08047, 0.487113, 1
6, 2.17423, 0.4466, 1
6, 2.32937, 0.508684, 1
6, 2.00156, 0.487579, 1
6, 2.54236, 0.427978, 1
6, 2.7646, 0.355749, 1
6, 1.98729, 0.542372, 1
6, 1.88389, 0.574004, 1
6, 2.41665, 0.437461, 1
6, 1.87382, 0.555899, 1
6, 2.25067, 0.510595, 1
6, 2.31539, 0.448543, 1
6, 2.30324, 0.387413, 1
6, 1.91167, 0.514172, 1
6, 2.22706, 0.464132, 1
6, 1.89348, 0.572109, 1
6, 2.37246, 0.456718, 1
6, 2.25898, 0.4048, 1
6, 2.75948, 0.349134, 1
6, 2.23404, 0.480121, 1
6, 2.75707, 0.435152, 1
6, 2.11173, 0.589356, 1
6, 2.04155, 0.55976, 1
6, 2.25051, 0.444754, 1
6, 3.18056, 0.500742, 1
6, 2.01088, 0.49122, 1
6, 2.27363, 0.417253, 1
6, 1.84443, 0.57757, 1
6, 3.47342, 0.363291, 1
6, 1.89655, 0.553683, 1
6, 2.49495, 0.401656, 1
6, 1.94641, 0.544315, 1
6, 2.55234, 0.384491, 1
6, 1.84624, 0.593265, 1
6, 2.29699, 0.574178, 1
6, 2.4304, 0.474069, 1
6, 2.33667, 0.434873, 1
6, 2.04602, 0.493489, 1
6, 2.32363, 0.43954, 1
6, 2.45568, 0.395839, 1
6, 1.97143, 0.563225, 1
6, 2.52478, 0.507279, 1
6, 2.06175, 0.554394, 1
6, 2.68303, 0.404093, 1
6, 2.51744, 0.371193, 1
6, 1.88368, 0.552851, 1
6, 1.83762, 0.537816, 1
6, 2.98139, 0.474913, 1
6, 2.57258, 0.441237, 1
6, 2.40931, 0.39759, 1
6, 3.32977, 0.362912, 1
6, 3.68279, 0.517445, 1
6, 2.46399, 0.433599, 1
6, 2.14351, 0.491748, 1
6, 2.95325, 0.410266, 1
6, 2.13746, 0.523471, 1
6, 3.09552, 0.51505, 1
6, 2.83371, 0.519721, 1
6, 3.81736, 0.454332, 1
6, 1.83166, 0.558235, 1
6, 2.24814, 0.508238, 1
6, 2.16291, 0.431017, 1
6, 2.22922, 0.457822, 1
6, 1.9069, 0.525356, 1
6, 2.15268, 0.494619, 1
6, 2.27417, 0.462818, 1
6, 2.92956, 0.368944, 1
6, 2.16332, 0.443609, 1
6, 2.60368, 0.428895, 1
6, 2.29656, 0.407585, 1
6, 2.92938, 0.386239, 1
6, 2.2598, 0.472106, 1
6, 1.99785, 0.518941, 1
6, 1.94854, 0.544354, 1
6, 1.93723, 0.544066, 1
6, 2.17933, 0.497863, 1
6, 1.91257, 0.505502, 1
6, 2.38401, 0.451538, 1
6, 2.62232, 0.414509, 1
6, 2.70487, 0.451198, 1
6, 3.07067, 0.355252, 1
6, 2.10585, 0.535413, 1
6, 2.38788, 0.428042, 1
6, 2.05773, 0.485359, 1
6, 2.59509, 0.31858, 1
6, 2.26115, 0.440472, 1
6, 2.21938, 0.473543, 1
6, 2.27222, 0.448794, 1
6, 2.18934, 0.46057, 1
6, 2.26346, 0.446992, 1
6, 2.48865, 0.374549, 1
6, 2.52417, 0.368796, 1
6, 2.2272, 0.460587, 1
6, 2.32417, 0.448414, 1
6, 2.45833, 0.439805, 1
6, 2.27371, 0.486735, 1
6, 2.31688, 0.42726, 1
6, 2.37379, 0.401804, 1
6, 2.29615, 0.469932, 1
6, 2.63317, 0.48848, 1
6, 1.92093, 0.540021, 1
6, 2.52122, 0.424563, 1
6, 2.20839, 0.552216, 1
6, 2.95346, 0.428802, 1
6, 2.94108, 0.336467, 1
6, 2.4955, 0.415224, 1
6, 2.51292, 0.472659, 1
6, 2.72971, 0.505127, 1
6, 2.93686, 0.498253, 1
6, 2.36525, 0.424045, 1
6, 2.07997, 0.476799, 1
6, 2.84181, 0.421661, 1
6, 2.71176, 0.450872, 1
6, 2.76896, 0.398161, 1
6, 2.54997, 0.409078, 1
6, 2.25465, 0.518854, 1
6, 2.26624, 0.440536, 1
6, 3.72524, 0.421908, 1
6, 2.19631, 0.482743, 1
6, 2.12379, 0.525355, 1
6, 2.14854, 0.452854, 1
6, 2.11382, 0.52774, 1
6, 1.95046, 0.504427, 1
6, 2.21676, 0.479039, 1
6, 2.50747, 0.38101, 1
6, 2.31813, 0.430978, 1
6, 2.41659, 0.515553, 1
6, 2.12822, 0.493809, 1
6, 2.07145, 0.484639, 1
6, 2.39372, 0.504818, 1
6, 2.27468, 0.451966, 1
6, 2.1477, 0.482936, 1
6, 1.9599, 0.50356, 1
6, 2.44751, 0.463414, 1
6, 2.97168, 0.365242, 1
6, 2.68155, 0.410749, 1
6, 2.4313, 0.456306, 1
6, 2.07164, 0.477754, 1
6, 1.83523, 0.569907, 1
6, 2.1533, 0.422499, 1
6, 2.3646, 0.417459, 1
6, 3.39752, 0.342951, 1
6, 2.29916, 0.495471, 1
6, 2.03539, 0.519996, 1
6, 3.83886, 0.371244, 1
6, 2.30733, 0.437419, 1
6, 2.22279, 0.521428, 1
6, 2.89175, 0.439207, 1
6, 2.61002, 0.43291, 1
6, 2.19209, 0.462527, 1
6, 2.2499, 0.405094, 1
6, 2.2622, 0.475664, 1
6, 2.16686, 0.48975, 1
6, 2.03239, 0.499668, 1
6, 2.88327, 0.404188, 1
6, 2.41866, 0.427534, 1
6, 2.1777, 0.495571, 1
6, 1.78773, 0.580047, 1
6, 1.99782, 0.541682, 1
6, 1.91559, 0.532403, 1
6, 2.14645, 0.530553, 1
6, 1.81337, 0.573732, 1
6, 2.28031, 0.493105, 1
6, 2.19776, 0.443666, 1
6, 2.21226, 0.452112, 1
6, 2.83292, 0.428263, 1
6, 2.04712, 0.525156, 1
6, 2.16726, 0.43526, 1
6, 2.02814, 0.500574, 1
6, 2.34346, 0.436571, 1
6, 1.99428, 0.501863, 1
6, 2.31281, 0.504609, 1
6, 2.08233, 0.499439, 1
6, 2.21497, 0.479169, 1
6, 2.19674, 0.478803, 1
6, 2.6466, 0.371545, 1
6, 2.70152, 0.438659, 1
6, 2.64227, 0.451272, 1
6, 2.84299, 0.468462, 1
6, 2.17878, 0.466794, 1
6, 2.31166, 0.461615, 1
6, 2.26952, 0.458294, 1
6, 2.22463, 0.466372, 1
6, 2.52695, 0.4226, 1
6, 2.08314, 0.502153, 1
6, 2.08782, 0.467162, 1
6, 2.70151, 0.361747, 1
6, 2.13651, 0.536634, 1
6, 1.87626, 0.576248, 1
6, 2.10455, 0.47131, 1
6, 2.0175, 0.510697, 1
6, 2.13207, 0.506112, 1
6, 2.12114, 0.467509, 1
6, 2.08, 0.500732, 1
6, 2.28306, 0.459729, 1
6, 2.31198, 0.475968, 1
6, 2.04431, 0.503386, 1
6, 2.04688, 0.493076, 1
6, 1.74825, 0.608624, 1
6, 2.60232, 0.43472, 1
6, 2.23351, 0.483828, 1
6, 2.39354, 0.457094, 1
6, 2.16616, 0.480834, 1
6, 2.14336, 0.578954, 1
6, 2.61969, 0.47048, 1
6, 2.13051, 0.502143, 1
6, 1.94814, 0.540454, 1
6, 2.20266, 0.480349, 1
6, 2.20928, 0.521362, 1
6, 2.40131, 0.41393, 1
6, 2.13806, 0.509659, 1
6, 2.66041, 0.439712, 1
6, 2.25869, 0.463065, 1
6, 2.10622, 0.524164, 1
6, 2.16603, 0.455598, 1
6, 2.20145, 0.491553, 1
6, 2.39464, 0.442992, 1
6, 2.21295, 0.479516, 1
6, 2.07976, 0.529464, 1
6, 2.59093, 0.554032, 1
6, 2.5438, 0.411965, 1
6, 2.05012, 0.509278, 1
6, 2.38236, 0.426328, 1
6, 2.19525, 0.488318, 1
6, 2.24977, 0.523739, 1
6, 2.15842, 0.483591, 1
6, 2.26563, 0.480574, 1
6, 2.32813, 0.45933, 1
6, 2.32048, 0.424882, 1
6, 2.29442, 0.528819, 1
6, 2.3654, 0.520269, 1
6, 2.33861, 0.475534, 1
6, 2.35204, 0.457278, 1
6, 2.04, 0.499159, 1
6, 2.39132, 0.456971, 1
6, 2.57094, 0.420257, 1
6, 2.08689, 0.487705, 1
6, 2.30395, 0.424431, 1
6, 1.7836, 0.589859, 1
6, 1.98352, 0.514753, 1
6, 2.22379, 0.462154, 1
6, 2.74772, 0.406903, 1
6, 2.93906, 0.380406, 1
6, 2.12866, 0.494158, 1
6, 2.11634, 0.508755, 1
6, 2.28856, 0.454003, 1
6, 2.06509, 0.529296, 1
6, 2.48067, 0.535215, 1
6, 2.12849, 0.50275, 1
6, 2.35979, 0.501582, 1
6, 2.22647, 0.47561, 1
6, 2.29691, 0.486619, 1
6, 2.54926, 0.40602, 1
6, 2.26955, 0.475722, 1
6, 2.29106, 0.465655, 1
6, 2.03322, 0.480957, 1
6, 1.74822, 0.595126, 1
6, 2.22629, 0.52435, 1
6, 3.15645, 0.553331, 1
6, 2.88294, 0.435582, 1
6, 3.06931, 0.374945, 1
6, 2.56588, 0.439343, 1
6, 2.85313, 0.535479, 1
6, 1.8925, 0.562572, 1
6, 2.2619, 0.562416, 1
6, 2.01146, 0.505578, 1
6, 1.91369, 0.548993, 1
6, 1.67958, 0.616678, 1
6, 2.17615, 0.539304, 1
6, 1.919, 0.528985, 1
6, 2.08964, 0.515189, 1
6, 1.99118, 0.559846, 1
6, 2.31645, 0.483536, 1
6, 1.99387, 0.538796, 1
6, 2.66606, 0.379265, 1
6, 2.11149, 0.573214, 1
6, 2.25894, 0.515226, 1
6, 1.98971, 0.551288, 1
6, 2.06693, 0.462279, 1
6, 2.08445, 0.514905, 1
6, 2.19667, 0.461557, 1
6, 2.01321, 0.501749, 1
6, 1.88629, 0.54083, 1
6, 2.172, 0.48646, 1
6, 2.05111, 0.484632, 1
6, 2.30576, 0.466179, 1
6, 1.98217, 0.52688, 1
6, 2.28118, 0.462382, 1
6, 2.14702, 0.527973, 1
6, 2.12877, 0.506193, 1
6, 1.94386, 0.507371, 1
6, 2.30146, 0.473278, 1
6, 2.14415, 0.546538, 1
6, 2.09312, 0.47921, 1
6, 2.02038, 0.572741, 1
6, 2.231, 0.492805, 1
6, 2.11007, 0.549248, 1
6, 2.64785, 0.41128, 1
6, 1.93182, 0.565638, 1
6, 2.09395, 0.517398, 1
6, 1.91484, 0.562377, 1
6, 2.10894, 0.494844, 1
6, 2.29003, 0.436247, 1
6, 2.30841, 0.580023, 1
6, 2.09562, 0.539523, 1
6, 2.17288, 0.4816, 1
6, 2.55476, 0.440641, 1
6, 2.25873, 0.495816, 1
6, 1.96734, 0.523883, 1
6, 2.52914, 0.417775, 1
6, 3.09548, 0.403101, 1
6, 2.49287, 0.438746, 1
6, 2.38293, 0.418261, 1
6, 2.64388, 0.389124, 1
6, 2.67309, 0.406479, 1
6, 1.82612, 0.575317, 1
6, 2.02517, 0.484521, 1
6, 2.49472, 0.387999, 1
6, 2.54809, 0.499872, 1
6, 2.52053, 0.454091, 1
6, 1.97978, 0.530994, 1
6, 2.04328, 0.535482, 1
6, 2.66358, 0.614878, 1
6, 2.83934, 0.393792, 1
6, 2.0913, 0.513306, 1
6, 1.85632, 0.555675, 1
6, 2.837, 0.467665, 1
6, 3.23601, 0.386175, 1
6, 2.1834, 0.472467, 1
6, 2.42275, 0.44624, 1
6, 1.98681, 0.530481, 1
6, 2.43434, 0.498492, 1
6, 1.83721, 0.581188, 1
6, 1.91423, 0.531496, 1
6, 2.49415, 0.553813, 1
6, 2.27085, 0.458314, 1
6, 1.93075, 0.554099, 1
6, 2.13485, 0.470698, 1
6, 2.60325, 0.39665, 1
6, 1.98163, 0.543487, 1
6, 2.9528, 0.430304, 1
6, 2.57166, 0.508072, 1
6, 1.91546, 0.533805, 1
6, 2.3231, 0.442204, 1
6, 2.16571, 0.459685, 1
6, 2.41498, 0.401239, 1
6, 2.04698, 0.512684, 1
6, 2.3113, 0.498281, 1
6, 2.17771, 0.47237, 1
6, 2.00948, 0.547539, 1
6, 2.20542, 0.48326, 1
6, 2.49965, 0.44882, 1
6, 2.41285, 0.447922, 1
6, 2.09479, 0.526312, 1
6, 2.34205, 0.47497, 1
6, 1.94833, 0.550802, 1
6, 2.05845, 0.521529, 1
6, 2.24123, 0.495289, 1
6, 2.11515, 0.488927, 1
6, 2.45604, 0.409716, 1
6, 2.24642, 0.437566, 1
6, 2.42632, 0.431909, 1
6, 2.02242, 0.498492, 1
6, 2.02582, 0.51129, 1
6, 2.25175, 0.460561, 1
6, 2.16881, 0.467137, 1
6, 2.29424, 0.417711, 1
6, 2.33826, 0.434556, 1
6, 1.90218, 0.516902, 1
6, 1.93455, 0.502139, 1
6, 2.08173, 0.50987, 1
6, 2.68392, 0.458274, 1
6, 2.04598, 0.48808, 1
6, 2.51114, 0.418829, 1
6, 2.26233, 0.389578, 1
6, 2.74128, 0.393684, 1
6, 1.97895, 0.510159, 1
6, 2.17485, 0.461532, 1
6, 2.76518, 0.386746, 1
6, 2.21563, 0.439527, 1
6, 2.10088, 0.516506, 1
6, 2.16328, 0.465593, 1
6, 2.48843, 0.470801, 1
6, 2.1513, 0.516229, 1
6, 2.07697, 0.453828, 1
6, 2.1691, 0.476179, 1
6, 2.36567, 0.444832, 1
6, 2.33042, 0.450832, 1
6, 1.83894, 0.539909, 1
6, 1.96419, 0.525432, 1
6, 1.99688, 0.505522, 1
6, 2.26418, 0.434153, 1
6, 2.09305, 0.514401, 1
6, 1.71853, 0.596579, 1
6, 2.12237, 0.445843, 1
6, 2.03696, 0.492316, 1
6, 2.10587, 0.47198, 1
6, 2.4903, 0.435044, 1
6, 2.01536, 0.517796, 1
6, 2.42724, 0.432698, 1
6, 2.35271, 0.424957, 1
6, 2.51085, 0.390602, 1
6, 2.32792, 0.49948, 1
6, 2.50963, 0.481798, 1
6, 2.2914, 0.469296, 1
6, 1.91584, 0.520212, 1
6, 2.08041, 0.495474, 1
6, 2.12862, 0.458132, 1
6, 2.15096, 0.455236, 1
6, 2.09178, 0.509713, 1
6, 1.9959, 0.515895, 1
6, 2.05868, 0.523611, 1
6, 2.67958, 0.412087, 1
6, 2.23466, 0.466579, 1
6, 2.39928, 0.449024, 1
6, 2.62018, 0.478743, 1
6, 2.44116, 0.58369, 1
6, 2.00894, 0.523345, 1
6, 2.19013, 0.468764, 1
6, 2.00564, 0.496247, 1
6, 2.32129, 0.500286, 1
6, 2.11916, 0.517994, 1
6, 2.03422, 0.513231, 1
6, 2.22159, 0.494524, 1
6, 2.46314, 0.401928, 1
6, 2.06019, 0.59699, 1
6, 2.09019, 0.510882, 1
6, 1.86935, 0.554244, 1
6, 2.03418, 0.592941, 1
6, 2.04524, 0.528247, 1
6, 1.81443, 0.622826, 1
6, 1.95174, 0.572466, 1
6, 1.76801, 0.60942, 1
6, 1.82787, 0.599392, 1
6, 2.0494, 0.5252, 1
6, 2.02976, 0.509268, 1
6, 1.97234, 0.549774, 1
6, 1.99309, 0.528226, 1
6, 2.18401, 0.463703, 1
6, 2.06923, 0.513022, 1
6, 1.76042, 0.573697, 1
6, 2.0217, 0.521162, 1
6, 2.20288, 0.492352, 1
6, 1.83446, 0.583323, 1
6, 1.94033, 0.512445, 1
6, 1.90141, 0.576513, 1
6, 2.07447, 0.515536, 1
6, 2.53367, 0.474914, 1
6, 2.14906, 0.497986, 1
6, 1.99457, 0.546925, 1
6, 2.29124, 0.428523, 1
6, 2.0506, 0.577329, 1
6, 2.01131, 0.510331, 1
6, 1.99762, 0.565631, 1
6, 2.36298, 0.44437, 1
6, 1.89109, 0.531413, 1
6, 2.13304, 0.514482, 1
6, 2.50948, 0.471813, 1
6, 2.45227, 0.391508, 1
6, 2.15099, 0.576658, 1
6, 2.06627, 0.479917, 1
6, 1.82002, 0.564549, 1
6, 2.33618, 0.46647, 1
6, 2.17814, 0.492006, 1
6, 2.28331, 0.51469, 1
6, 1.9615, 0.521816, 1
6, 2.96175, 0.492353, 1
6, 2.05854, 0.48995, 1
6, 2.15077, 0.453817, 1
6, 2.44441, 0.437019, 1
6, 2.40705, 0.442798, 1
6, 2.59669, 0.444934, 1
6, 2.40312, 0.470693, 1
6, 2.28447, 0.492825, 1
6, 1.82193, 0.571873, 1
6, 1.93617, 0.523158, 1
6, 2.03233, 0.481767, 1
6, 2.94444, 0.49935, 1
6, 2.50912, 0.456313, 1
6, 2.74684, 0.413935, 1
6, 2.71586, 0.542755, 1
6, 2.49233, 0.427976, 1
6, 2.44508, 0.561127, 1
6, 2.44186, 0.458605, 1
6, 2.53517, 0.47015, 1
6, 2.49721, 0.430348, 1
6, 2.38209, 0.478393, 1
6, 1.99977, 0.522766, 1
6, 1.977, 0.550222, 1
6, 2.19481, 0.548132, 1
6, 2.26448, 0.473022, 1
6, 1.77874, 0.589984, 1
6, 2.06472, 0.540913, 1
6, 2.28261, 0.508815, 1
6, 1.99608, 0.55374, 1
6, 1.91644, 0.568546, 1
6, 2.29782, 0.49206, 1
6, 2.63861, 0.448467, 1
6, 2.06077, 0.528892, 1
6, 2.29482, 0.44278, 1
6, 2.31614, 0.47444, 1
6, 2.10551, 0.522877, 1
6, 2.05264, 0.513977, 1
6, 2.16084, 0.482272, 1
6, 2.15544, 0.447895, 1
6, 2.12393, 0.538696, 1
6, 2.34676, 0.502348, 1
6, 2.60581, 0.424463, 1
6, 2.70187, 0.472946, 1
6, 2.4697, 0.474305, 1
6, 2.29802, 0.482305, 1
6, 2.75265, 0.46084, 1
6, 2.25211, 0.438731, 1
6, 2.03099, 0.502195, 1
6, 3.04269, 0.485021, 1
6, 2.65148, 0.39314, 1
6, 2.1284, 0.481624, 1
6, 3.23471, 0.262913, 1
6, 2.46827, 0.464036, 1
6, 1.84849, 0.554233, 1
6, 1.78732, 0.571472, 1
6, 1.80903, 0.596688, 1
6, 2.103, 0.49495, 1
6, 2.55016, 0.400505, 1
6, 2.02837, 0.49214, 1
6, 1.98054, 0.495792, 1
6, 1.98234, 0.511603, 1
6, 1.87591, 0.605887, 1
6, 1.85113, 0.558144, 1
6, 2.19652, 0.53167, 1
6, 2.1189, 0.508217, 1
6, 2.34418, 0.380153, 1
6, 2.22437, 0.438371, 1
6, 2.18228, 0.500798, 1
6, 1.88135, 0.554135, 1
6, 2.06355, 0.474992, 1
6, 2.07017, 0.494154, 1
6, 2.02735, 0.510095, 1
6, 1.83669, 0.567371, 1
6, 1.94851, 0.536891, 1
6, 1.79627, 0.587999, 1
6, 1.8964, 0.583506, 1
6, 1.97283, 0.52291, 1
6, 2.18892, 0.482395, 1
6, 1.91564, 0.57422, 1
6, 1.99041, 0.534783, 1
6, 2.06975, 0.496696, 1
6, 2.18971, 0.519394, 1
6, 2.09694, 0.502267, 1
6, 1.87114, 0.560118, 1
6, 2.21378, 0.443674, 1
6, 2.33838, 0.422617, 1
6, 2.76122, 0.42876, 1
6, 2.14731, 0.502437, 1
6, 2.15241, 0.514773, 1
6, 2.34758, 0.436857, 1
6, 2.1545, 0.48722, 1
6, 2.62076, 0.404153, 1
6, 1.86534, 0.570197, 1
6, 2.03415, 0.531755, 1
6, 1.88086, 0.550782, 1
6, 2.08344, 0.478433, 1
6, 1.95042, 0.531718, 1
6, 1.92474, 0.541793, 1
6, 2.02009, 0.562509, 1
6, 2.10114, 0.536285, 1
6, 2.12071, 0.468648, 1
6, 1.92823, 0.590965, 1
6, 2.02237, 0.50178, 1
6, 1.91588, 0.524935, 1
6, 2.06594, 0.489985, 1
6, 1.80777, 0.583076, 1
6, 1.92986, 0.514909, 1
6, 2.03842, 0.510661, 1
6, 2.06748, 0.468011, 1
6, 2.35414, 0.419362, 1
6, 1.89004, 0.531189, 1
6, 2.22266, 0.476936, 1
6, 1.6476, 0.637384, 1
6, 1.92787, 0.5384, 1
6, 2.19935, 0.505649, 1
6, 1.91468, 0.559187, 1
6, 1.9679, 0.548863, 1
6, 2.28282, 0.515898, 1
6, 1.93171, 0.545328, 1
6, 2.16991, 0.47799, 1
6, 1.87543, 0.557927, 1
6, 2.00341, 0.478579, 1
6, 1.94241, 0.567634, 1
6, 2.01712, 0.50322, 1
6, 2.19558, 0.483689, 1
6, 2.19787, 0.436551, 1
6, 2.27311, 0.42265, 1
6, 2.54996, 0.466404, 1
6, 2.50531, 0.4048, 1
6, 1.70527, 0.595083, 1
6, 2.17874, 0.471381, 1
6, 2.33819, 0.442581, 1
6, 2.802, 0.348832, 1
6, 2.55709, 0.384216, 1
6, 2.1291, 0.471059, 1
6, 2.27989, 0.443524, 1
6, 2.23115, 0.462849, 1
6, 2.78087, 0.569004, 1
6, 2.6753, 0.441756, 1
6, 2.05888, 0.515188, 1
6, 2.06309, 0.545406, 1
6, 2.66475, 0.419285, 1
6, 2.25583, 0.452894, 1
6, 2.03196, 0.496724, 1
6, 2.06347, 0.549739, 1
6, 2.33561, 0.4338, 1
6, 2.31427, 0.475205, 1
6, 2.46598, 0.407438, 1
6, 2.1295, 0.507347, 1
6, 2.38406, 0.514095, 1
6, 2.47197, 0.378953, 1
6, 2.36212, 0.491522, 1
6, 2.47869, 0.39288, 1
6, 2.3441, 0.498806, 1
6, 2.41567, 0.47021, 1
6, 2.92102, 0.362902, 1
6, 2.66862, 0.390422, 1
6, 2.47838, 0.49388, 1
6, 2.78198, 0.495369, 1
6, 2.39383, 0.502468, 1
6, 2.87752, 0.49594, 1
6, 2.10449, 0.500744, 1
6, 1.98132, 0.545492, 1
6, 3.14314, 0.394008, 1
6, 2.38554, 0.494857, 1
6, 3.26941, 0.426774, 1
6, 2.96874, 0.44578, 1
6, 2.13705, 0.520852, 1
6, 2.46568, 0.411588, 1
6, 1.93416, 0.530932, 1
6, 2.20055, 0.452041, 1
6, 2.43648, 0.405029, 1
6, 2.39372, 0.38596, 1
6, 2.20777, 0.485993, 1
6, 2.97444, 0.382303, 1
6, 2.19853, 0.454177, 1
6, 2.12667, 0.488415, 1
6, 2.39234, 0.428185, 1
6, 1.89643, 0.563406, 1
6, 1.92689, 0.539589, 1
6, 2.26005, 0.492711, 1
6, 2.2699, 0.484146, 1
6, 2.30501, 0.538669, 1
6, 2.70011, 0.392283, 1
6, 2.68369, 0.438944, 1
6, 2.23693, 0.468756, 1
6, 2.43633, 0.506796, 1
9, 4.06097, 0.268585, 1
9, 5.99833, 0.499435, 1
9, 6.04548, 0.501011, 1
9, 5.58391, 0.390962, 1
9, 5.95954, 0.481692, 1
9, 6.39031, 0.532692, 1
9, 5.47502, 0.534971, 1
9, 5.28036, 0.385436, 1
9, 5.25943, 0.49182, 1
9, 4.69952, 0.342693, 1
9, 6.39888, 0.599457, 1
9, 5.29146, 0.553294, 1
9, 6.34439, 0.562165, 1
9, 6.88357, 0.778845, 1
9, 6.23282, 0.586512, 1
9, 5.39877, 0.411804, 1
9, 5.15, 0.367343, 1
9, 5.85911, 0.503817, 1
9, 4.86682, 0.390132, 1
9, 4.91538, 0.27703, 1
9, 5.01409, 0.383844, 1
9, 5.43814, 0.365154, 1
9, 6.18442, 0.656057, 1
9, 5.57698, 0.486155, 1
9, 5.28405, 0.362176, 1
9, 5.45078, 0.421906, 1
9, 4.38022, 0.315106, 1
9, 6.35099, 0.645589, 1
9, 5.1945, 0.487715, 1
9, 5.68506, 0.466171, 1
9, 6.11715, 0.482081, 1
9, 6.70584, 0.684402, 1
9, 5.60853, 0.415595, 1
9, 5.02429, 0.360308, 1
9, 5.29443, 0.404197, 1
9, 5.48448, 0.697907, 1
9, 6.24536, 0.565633, 1
9, 5.09318, 0.4054, 1
9, 5.26334, 0.322446, 1
9, 5.95056, 0.548692, 1
9, 5.00573, 0.243797, 1
9, 6.08775, 0.618153, 1
9, 5.62726, 0.590521, 1
9, 6.17503, 0.585013, 1
9, 6.02424, 0.589898, 1
9, 5.89683, 0.57026, 1
9, 5.13017, 0.422997, 1
9, 5.81377, 0.522698, 1
9, 4.8934, 0.297477, 1
9, 5.48322, 0.424037, 1
9, 5.56528, 0.429891, 1
9, 6.14817, 0.438217, 1
9, 5.35078, 0.478565, 1
9, 6.02044, 0.60668, 1
9, 6.22355, 0.511804, 1
9, 5.89004, 0.728155, 1
9, 5.30166, 0.397693, 1
9, 6.38672, 0.619492, 1
9, 6.90845, 0.771067, 1
9, 5.89618, 0.500112, 1
9, 6.53657, 0.697579, 1
9, 6.09321, 0.566873, 1
9, 6.3627, 0.580556, 1
9, 5.9288, 0.49535, 1
9, 6.22058, 0.553722, 1
9, 5.24343, 0.353522, 1
9, 5.70517, 0.46595, 1
9, 6.70718, 0.642964, 1
9, 6.1881, 0.616425, 1
9, 6.51578, 0.64655, 1
9, 5.33645, 0.457987, 1
9, 6.23059, 0.627439, 1
9, 6.19098, 0.609692, 1
9, 6.19326, 0.554705, 1
9, 6.10507, 0.558982, 1
9, 5.95742, 0.512289, 1
9, 5.94332, 0.497709, 1
9, 6.6024, 0.721695, 1
9, 6.01795, 0.523069, 1
9, 5.78866, 0.552409, 1
9, 4.9459, 0.310887, 1
9, 5.60977, 0.347836, 1
9, 6.22854, 0.554696, 1
9, 5.39626, 0.4596, 1
9, 4.37895, 0.295555, 1
9, 6.02044, 0.634336, 1
9, 6.34726, 0.500168, 1
9, 6.04927, 0.545753, 1
9, 6.0885, 0.476236, 1
9, 5.99955, 0.660994, 1
9, 6.89434, 0.793472, 1
9, 5.90916, 0.548451, 1
9, 5.5706, 0.440738, 1
9, 5.22321, 0.383614, 1
9, 5.20684, 0.416738, 1
9, 6.03836, 0.615416, 1
9, 5.4529, 0.471148, 1
9, 5.03756, 0.502257, 1
9, 6.36929, 0.469794, 1
9, 5.56758, 0.486424, 1
9, 6.44766, 0.579123, 1
9, 5.59728, 0.468769, 1
9, 5.91331, 0.577345, 1
9, 6.10035, 0.470039, 1
9, 5.57182, 0.503771, 1
9, 6.05372, 0.677524, 1
9, 5.55149, 0.365275, 1
9, 4.33991, 0.452969, 1
9, 5.7995, 0.489793, 1
9, 6.44672, 0.598443, 1
9, 6.29528, 0.630871, 1
9, 6.07644, 0.475051, 1
9, 4.95083, 0.474271, 1
9, 5.59679, 0.519502, 1
9, 6.44927, 0.636629, 1
9, 3.73573, 0.400317, 1
9, 4.24523, 0.420016, 1
9, 6.00217, 0.592703, 1
9, 5.80467, 0.510957, 1
9, 5.37344, 0.461567, 1
9, 6.38421, 0.57775, 1
9, 5.98695, 0.549612, 1
9, 5.62814, 0.409724, 1
9, 5.82643, 0.446305, 1
9, 5.24738, 0.396158, 1
9, 5.98735, 0.497146, 1
9, 6.10397, 0.576285, 1
9, 5.98572, 0.583551, 1
9, 5.52959, 0.392538, 1
9, 6.23171, 0.599315, 1
9, 6.25527, 0.783649, 1
9, 6.04272, 0.586959, 1
9, 5.84063, 0.387641, 1
9, 6.2479, 0.596599, 1
9, 6.53113, 0.635962, 1
9, 5.29192, 0.359047, 1
9, 4.78302, 0.416816, 1
9, 5.04725, 0.525241, 1
9, 6.21078, 0.539892, 1
9, 6.45369, 0.564915, 1
9, 6.06851, 0.540124, 1
9, 5.63609, 0.4317, 1
9, 5.79272, 0.490497, 1
9, 5.68127, 0.441881, 1
9, 6.08584, 0.474173, 1
9, 5.92737, 0.462822, 1
9, 5.92984, 0.498558, 1
9, 6.33523, 0.534561, 1
9, 5.21705, 0.389564, 1
9, 4.7697, 0.336547, 1
9, 5.86486, 0.534097, 1
9, 5.02842, 0.363858, 1
9, 5.95616, 0.56316, 1
9, 5.67212, 0.572532, 1
9, 6.14513, 0.525678, 1
9, 7.20707, 0.817189, 1
9, 5.13548, 0.412612, 1
9, 5.62826, 0.403084, 1
9, 5.82089, 0.544856, 1
9, 6.61596, 0.812675, 1
9, 6.04668, 0.545265, 1
9, 6.02386, 0.647183, 1
9, 5.08613, 0.336586, 1
9, 6.36662, 0.639364, 1
9, 6.17293, 0.621232, 1
9, 5.99344, 0.610312, 1
9, 5.89448, 0.573823, 1
9, 4.94565, 0.51479, 1
9, 5.90063, 0.477027, 1
9, 6.29155, 0.474852, 1
9, 5.52711, 0.357164, 1
9, 6.31062, 0.565353, 1
9, 6.08611, 0.578371, 1
9, 5.19767, 0.346909, 1
9, 5.78587, 0.505509, 1
9, 5.74249, 0.509137, 1
9, 6.1811, 0.516204, 1
9, 5.24072, 0.371989, 1
9, 6.20575, 0.570263, 1
9, 5.00271, 0.38089, 1
9, 6.26989, 0.780469, 1
9, 4.64469, 0.266317, 1
9, 6.43197, 0.652747, 1
9, 5.94705, 0.492951, 1
9, 6.25143, 0.658315, 1
9, 5.61046, 0.557329, 1
9, 4.17605, 0.332912, 1
9, 6.62949, 0.836028, 1
9, 5.61161, 0.433805, 1
9, 5.24199, 0.451875, 1
9, 5.62808, 0.503655, 1
9, 5.81831, 0.473523, 1
9, 4.94611, 0.373809, 1
9, 5.9636, 0.570949, 1
9, 5.00007, 0.369179, 1
9, 5.92398, 0.594462, 1
9, 5.27933, 0.414677, 1
9, 5.25031, 0.461713, 1
9, 5.35726, 0.392955, 1
9, 5.00634, 0.397604, 1
9, 5.95249, 0.552443, 1
9, 5.22905, 0.457311, 1
9, 4.02085, 0.389658, 1
9, 5.47404, 0.349653, 1
9, 6.05243, 0.537211, 1
9, 5.79151, 0.448517, 1
9, 4.47101, 0.455488, 1
9, 5.72804, 0.519544, 1
9, 6.44717, 0.635122, 1
9, 6.20756, 0.623076, 1
9, 6.65886, 0.642087, 1
9, 5.34108, 0.372625, 1
9, 5.44254, 0.482909, 1
9, 5.60454, 0.62999, 1
9, 5.38201, 0.506283, 1
9, 6.08558, 0.525848, 1
9, 5.51039, 0.461738, 1
9, 5.15995, 0.365695, 1
9, 5.99228, 0.527229, 1
9, 2.61833, 0.349928, 1
9, 5.88857, 0.557413, 1
9, 6.19318, 0.577226, 1
9, 5.00215, 0.522141, 1
9, 5.85824, 0.46655, 1
9, 6.83306, 0.705008, 1
9, 5.68209, 0.443601, 1
9, 4.65864, 0.265555, 1
9, 5.59539, 0.584971, 1
9, 5.03595, 0.409406, 1
9, 4.52335, 0.510704, 1
9, 3.88258, 0.279363, 1
9, 4.63716, 0.428671, 1
9, 5.68223, 0.428109, 1
9, 4.84358, 0.34953, 1
9, 5.53672, 0.532854, 1
9, 5.78449, 0.501196, 1
9, 5.62917, 0.481476, 1
9, 5.04992, 0.421752, 1
9, 6.39086, 0.689846, 1
9, 5.79349, 0.46199, 1
9, 5.12615, 0.376652, 1
9, 5.42745, 0.399034, 1
9, 6.16334, 0.546921, 1
9, 6.14488, 0.562613, 1
9, 5.11549, 0.468026, 1
9, 5.59596, 0.462725, 1
9, 5.76147, 0.44368, 1
9, 5.61414, 0.433961, 1
9, 5.26362, 0.352595, 1
9, 5.03827, 0.336644, 1
9, 5.47485, 0.428903, 1
9, 6.37571, 0.538119, 1
9, 5.86011, 0.549839, 1
9, 5.77189, 0.510231, 1
9, 5.71479, 0.452336, 1
9, 5.54554, 0.365946, 1
9, 5.78343, 0.463552, 1
9, 5.45607, 0.414795, 1
9, 5.94227, 0.60715, 1
9, 5.85064, 0.565436, 1
9, 5.75256, 0.509614, 1
9, 6.43991, 0.577405, 1
9, 4.54993, 0.414875, 1
9, 5.38911, 0.406404, 1
9, 6.06514, 0.645324, 1
9, 6.77554, 0.662925, 1
9, 5.88892, 0.52559, 1
9, 5.1879, 0.430106, 1
9, 5.60293, 0.507552, 1
9, 5.41628, 0.371344, 1
9, 6.66671, 0.655789, 1
9, 5.05833, 0.328869, 1
9, 6.11669, 0.382833, 1
9, 5.64134, 0.450486, 1
9, 6.1985, 0.549732, 1
9, 5.46161, 0.451893, 1
9, 4.32372, 0.4715, 1
9, 5.91041, 0.50524, 1
9, 6.36591, 0.545928, 1
9, 6.57083, 0.57993, 1
9, 6.19751, 0.483397, 1
9, 6.42936, 0.564452, 1
9, 5.41278, 0.480228, 1
9, 5.68884, 0.584544, 1
9, 5.03204, 0.356358, 1
9, 5.8401, 0.530697, 1
9, 6.59653, 0.713938, 1
9, 5.50631, 0.48978, 1
9, 7.52327, 0.914684, 1
9, 5.47727, 0.413899, 1
9, 5.68263, 0.56332, 1
9, 5.38077, 0.484397, 1
9, 5.63044, 0.408114, 1
9, 4.73758, 0.335099, 1
9, 5.8581, 0.485955, 1
9, 6.1471, 0.60134, 1
9, 4.38119, 0.453551, 1
9, 5.89594, 0.508837, 1
9, 5.66165, 0.426002, 1
9, 5.71717, 0.46436, 1
9, 6.103, 0.590921, 1
9, 6.42623, 0.590577, 1
9, 4.15757, 0.319219, 1
9, 5.56943, 0.378491, 1
9, 5.77646, 0.414135, 1
9, 6.41727, 0.650936, 1
9, 4.26737, 0.332727, 1
9, 6.01563, 0.431907, 1
9, 5.977, 0.506997, 1
9, 5.73329, 0.437291, 1
9, 6.31708, 0.645437, 1
9, 5.24237, 0.527416, 1
9, 5.97234, 0.519321, 1
9, 6.12387, 0.595364, 1
9, 5.7886, 0.536767, 1
9, 5.56506, 0.382604, 1
9, 5.27711, 0.577897, 1
9, 5.19961, 0.302671, 1
9, 5.88648, 0.497841, 1
9, 5.41682, 0.428253, 1
9, 5.11831, 0.43742, 1
9, 5.4016, 0.447787, 1
9, 5.38171, 0.453345, 1
9, 6.60736, 0.595521, 1
9, 5.8118, 0.444464, 1
9, 4.87058, 0.289578, 1
9, 6.14289, 0.576206, 1
9, 6.14508, 0.560876, 1
9, 5.90263, 0.485938, 1
9, 5.67372, 0.388073, 1
9, 5.95911, 0.462481, 1
9, 5.47556, 0.413075, 1
9, 6.21687, 0.576782, 1
9, 6.50537, 0.539744, 1
9, 4.62336, 0.421365, 1
9, 6.10446, 0.650941, 1
9, 6.17964, 0.514629, 1
9, 5.63515, 0.469411, 1
9, 5.66013, 0.451313, 1
9, 6.14242, 0.607055, 1
9, 6.36983, 0.661658, 1
9, 5.87313, 0.457458, 1
9, 5.81977, 0.508422, 1
9, 5.3093, 0.482183, 1
9, 5.6351, 0.52685, 1
9, 6.36205, 0.594642, 1
9, 5.40261, 0.388732, 1
9, 4.99608, 0.331272, 1
9, 6.44094, 0.733372, 1
9, 6.03704, 0.461433, 1
9, 5.99446, 0.420321, 1
9, 6.25938, 0.749477, 1
9, 5.00039, 0.353379, 1
9, 4.64321, 0.268439, 1
9, 6.84317, 0.623354, 1
9, 6.60116, 0.778513, 1
9, 6.0285, 0.491528, 1
9, 5.86343, 0.458558, 1
9, 5.91166, 0.465078, 1
9, 5.45521, 0.490969, 1
9, 5.03919, 0.444431, 1
9, 5.75717, 0.571078, 1
9, 5.39299, 0.459853, 1
9, 6.15217, 0.540424, 1
9, 5.30055, 0.386081, 1
9, 5.51274, 0.377752, 1
9, 5.94345, 0.562183, 1
9, 5.18719, 0.379506, 1
9, 5.13731, 0.365549, 1
9, 6.39982, 0.603557, 1
9, 6.43464, 0.56959, 1
9, 5.74981, 0.525366, 1
9, 5.94874, 0.437843, 1
9, 5.78321, 0.519614, 1
9, 6.02341, 0.552944, 1
9, 5.89203, 0.487049, 1
9, 6.07002, 0.596246, 1
9, 6.71676, 0.66737, 1
9, 6.34117, 0.627318, 1
9, 5.56803, 0.450981, 1
9, 5.58403, 0.614944, 1
9, 4.73832, 0.237836, 1
9, 5.7412, 0.560283, 1
9, 4.95703, 0.440623, 1
9, 5.20536, 0.544739, 1
9, 5.62049, 0.555814, 1
9, 6.07969, 0.498274, 1
9, 4.83868, 0.421057, 1
9, 4.60759, 0.336259, 1
9, 6.52152, 0.622235, 1
9, 7.18719, 0.757313, 1
9, 4.61876, 0.402021, 1
9, 5.91148, 0.618688, 1
9, 6.20421, 0.69826, 1
9, 6.43659, 0.710239, 1
9, 5.11288, 0.393455, 1
9, 6.52848, 0.55805, 1
9, 5.89383, 0.600027, 1
9, 5.10698, 0.535816, 1
9, 5.1936, 0.354478, 1
9, 5.54498, 0.35633, 1
9, 5.89588, 0.460094, 1
9, 5.61945, 0.436423, 1
9, 4.45446, 0.25403, 1
9, 6.10047, 0.599193, 1
9, 5.38705, 0.51136, 1
9, 5.42436, 0.448479, 1
9, 5.12689, 0.414219, 1
9, 4.54163, 0.394478, 1
9, 5.49395, 0.503895, 1
9, 5.03048, 0.452587, 1
9, 5.61253, 0.437743, 1
9, 5.95488, 0.423625, 1
9, 5.33156, 0.325416, 1
9, 5.40006, 0.443453, 1
9, 6.06569, 0.482179, 1
9, 5.34498, 0.453432, 1
9, 4.98101, 0.316676, 1
9, 4.97787, 0.377468, 1
9, 5.6292, 0.430158, 1
9, 5.92966, 0.423298, 1
9, 5.23409, 0.335666, 1
9, 5.6743, 0.415886, 1
9, 5.63853, 0.448299, 1
9, 4.94318, 0.517678, 1
9, 5.11111, 0.320637, 1
9, 5.82907, 0.586465, 1
9, 5.23754, 0.402861, 1
9, 4.83071, 0.388595, 1
9, 4.79659, 0.259614, 1
9, 5.21172, 0.38399, 1
9, 6.30661, 0.613205, 1
9, 5.94573, 0.555122, 1
9, 4.88918, 0.396674, 1
9, 4.70902, 0.344344, 1
9, 5.68977, 0.452641, 1
9, 5.07367, 0.410169, 1
9, 4.71739, 0.387264, 1
9, 6.3185, 0.526732, 1
9, 5.57101, 0.371331, 1
9, 5.55293, 0.488769, 1
9, 4.84898, 0.334948, 1
9, 3.94682, 0.268506, 1
9, 5.03711, 0.414572, 1
9, 5.85648, 0.45678, 1
9, 4.19614, 0.247982, 1
9, 5.06369, 0.507788, 1
9, 5.38112, 0.486353, 1
9, 5.83095, 0.417358, 1
9, 5.87602, 0.530432, 1
9, 5.75332, 0.469717, 1
9, 6.37497, 0.52905, 1
9, 5.77372, 0.593167, 1
9, 5.13991, 0.349672, 1
9, 4.86443, 0.464052, 1
9, 6.01568, 0.565934, 1
9, 6.06351, 0.545599, 1
9, 5.35487, 0.406495, 1
9, 5.62666, 0.450332, 1
9, 5.48233, 0.4448, 1
9, 5.7411, 0.515838, 1
9, 4.23946, 0.445004, 1
9, 6.13598, 0.602011, 1
9, 4.37581, 0.215586, 1
9, 4.6719, 0.295215, 1
9, 5.24656, 0.472397, 1
9, 5.08955, 0.330005, 1
9, 6.06427, 0.436394, 1
9, 5.72331, 0.525133, 1
9, 6.29994, 0.798288, 1
9, 5.58112, 0.425262, 1
9, 5.69907, 0.482781, 1
9, 5.77613, 0.429307, 1
9, 5.99467, 0.564176, 1
9, 6.03757, 0.462579, 1
9, 5.38159, 0.333543, 1
9, 5.37784, 0.331847, 1
9, 5.10527, 0.379926, 1
9, 5.17549, 0.31329, 1
9, 5.76269, 0.520065, 1
9, 5.78977, 0.55831, 1
9, 5.03234, 0.413144, 1
9, 5.79501, 0.401014, 1
9, 4.9291, 0.362636, 1
9, 4.90206, 0.35477, 1
9, 5.18643, 0.328769, 1
9, 5.38065, 0.394192, 1
9, 6.47788, 0.691261, 1
9, 6.26201, 0.605167, 1
9, 5.49219, 0.461533, 1
9, 6.14294, 0.573905, 1
9, 6.34934, 0.635403, 1
9, 6.18482, 0.542333, 1
9, 5.32509, 0.382731, 1
9, 6.00939, 0.522583, 1
9, 5.1455, 0.517424, 1
9, 5.78316, 0.440228, 1
9, 6.67192, 0.628998, 1
9, 6.5279, 0.566061, 1
9, 6.38913, 0.632428, 1
9, 4.75748, 0.483819, 1
9, 5.4654, 0.382408, 1
9, 5.768, 0.598039, 1
9, 5.52101, 0.466221, 1
9, 5.177, 0.361528, 1
9, 5.43442, 0.376698, 1
9, 3.70259, 0.261924, 1
9, 5.76651, 0.42062, 1
9, 6.13955, 0.518029, 1
9, 5.38005, 0.384208, 1
9, 5.25158, 0.475215, 1
9, 5.79598, 0.498833, 1
9, 6.3754, 0.625968, 1
9, 6.65972, 0.676814, 1
9, 5.35493, 0.406983, 1
9, 5.21391, 0.314229, 1
9, 5.87734, 0.558738, 1
9, 6.53613, 0.60073, 1
9, 5.65861, 0.388936, 1
9, 5.74934, 0.445856, 1
9, 5.60201, 0.412775, 1
9, 6.04554, 0.461491, 1
9, 6.23877, 0.509196, 1
9, 5.77922, 0.503768, 1
9, 6.30576, 0.538204, 1
9, 6.3009, 0.556009, 1
9, 6.39422, 0.512276, 1
9, 5.88855, 0.464556, 1
9, 7.0027, 0.704147, 1
9, 6.39987, 0.579591, 1
9, 6.96175, 0.730211, 1
9, 6.11428, 0.420671, 1
9, 7.17592, 0.751109, 1
9, 6.82217, 0.652882, 1
9, 6.73396, 0.641211, 1
9, 6.37939, 0.493161, 1
9, 6.28827, 0.554832, 1
9, 6.77551, 0.633848, 1
9, 6.62487, 0.646809, 1
9, 6.65074, 0.634252, 1
9, 6.20519, 0.596826, 1
9, 5.3508, 0.425432, 1
9, 6.05272, 0.527342, 1
9, 6.58985, 0.700071, 1
9, 6.33139, 0.534116, 1
9, 6.68801, 0.596745, 1
9, 5.93622, 0.488658, 1
9, 5.94415, 0.454528, 1
9, 5.37051, 0.422915, 1
9, 5.70646, 0.435325, 1
9, 5.70833, 0.515576, 1
9, 5.93742, 0.470903, 1
9, 5.83105, 0.448108, 1
9, 6.67055, 0.673231, 1
9, 6.7542, 0.620546, 1
9, 5.94487, 0.47479, 1
9, 6.72497, 0.574751, 1
9, 6.15536, 0.43658, 1
9, 6.19494, 0.483538, 1
9, 6.74073, 0.582502, 1
9, 5.86152, 0.535712, 1
9, 6.14924, 0.517931, 1
9, 6.35037, 0.518184, 1
9, 6.24431, 0.556471, 1
9, 6.16518, 0.580118, 1
9, 6.45238, 0.617435, 1
9, 6.88924, 0.686733, 1
9, 5.74736, 0.481796, 1
9, 6.4952, 0.614998, 1
9, 6.2053, 0.49126, 1
9, 6.38839, 0.481989, 1
9, 6.92808, 0.664478, 1
9, 5.57463, 0.518469, 1
9, 5.75289, 0.526358, 1
9, 6.24453, 0.57843, 1
9, 5.54224, 0.524309, 1
9, 6.06868, 0.554287, 1
9, 5.90113, 0.454615, 1
9, 6.34554, 0.536262, 1
9, 6.12154, 0.547565, 1
9, 6.02363, 0.543509, 1
9, 6.07359, 0.599727, 1
9, 6.47447, 0.6709, 1
9, 6.41278, 0.794752, 1
9, 5.66743, 0.481334, 1
9, 5.55378, 0.431095, 1
9, 5.77588, 0.549496, 1
9, 5.90823, 0.577644, 1
9, 6.00625, 0.502516, 1
9, 5.43745, 0.38591, 1
9, 6.00321, 0.493752, 1
9, 5.22943, 0.392826, 1
9, 6.1451, 0.598325, 1
9, 5.09174, 0.4811, 1
9, 5.60558, 0.455092, 1
9, 6.12989, 0.565844, 1
9, 5.5372, 0.389801, 1
9, 4.89482, 0.356304, 1
9, 6.7969, 0.6934, 1
9, 5.45809, 0.406023, 1
9, 5.2844, 0.318766, 1
9, 6.12097, 0.447359, 1
9, 5.25071, 0.304926, 1
9, 6.21551, 0.504815, 1
9, 6.24625, 0.567867, 1
9, 6.49839, 0.590254, 1
9, 6.15802, 0.54077, 1
9, 7.06443, 0.88619, 1
9, 6.05195, 0.479904, 1
9, 6.15337, 0.510155, 1
9, 6.22631, 0.605927, 1
9, 6.44957, 0.724104, 1
9, 6.49927, 0.586255, 1
9, 5.84529, 0.532121, 1
9, 5.37712, 0.370543, 1
9, 5.26703, 0.369557, 1
9, 5.40822, 0.464501, 1
9, 5.61564, 0.479513, 1
9, 5.62139, 0.455577, 1
9, 5.20287, 0.356085, 1
9, 5.92962, 0.568237, 1
9, 5.75208, 0.470806, 1
9, 5.55844, 0.454737, 1
9, 5.41273, 0.410368, 1
9, 5.80377, 0.567188, 1
9, 5.53719, 0.441493, 1
9, 5.65652, 0.476243, 1
9, 5.23117, 0.427808, 1
9, 5.29618, 0.435643, 1
9, 4.24484, 0.358501, 1
9, 4.9707, 0.405097, 1
9, 4.72146, 0.415208, 1
9, 4.81666, 0.299031, 1
9, 4.41382, 0.340373, 1
9, 5.50157, 0.626916, 1
9, 5.01359, 0.427416, 1
9, 4.37867, 0.414406, 1
9, 4.83607, 0.569603, 1
9, 6.70072, 0.703424, 1
9, 5.60635, 0.384568, 1
9, 5.63868, 0.445181, 1
9, 6.24805, 0.551342, 1
9, 6.39422, 0.626214, 1
9, 6.38142, 0.540378, 1
9, 6.20156, 0.476518, 1
9, 6.53541, 0.562479, 1
9, 6.51114, 0.642029, 1
9, 6.56769, 0.630575, 1
9, 6.66529, 0.725377, 1
9, 6.18856, 0.528982, 1
9, 6.1196, 0.445997, 1
9, 5.23733, 0.501332, 1
9, 6.00808, 0.789753, 1
9, 6.20908, 0.540981, 1
9, 5.68384, 0.505026, 1
9, 5.51268, 0.428571, 1
9, 5.50865, 0.396436, 1
9, 5.91573, 0.482669, 1
9, 5.24497, 0.534848, 1
9, 5.89097, 0.469784, 1
9, 6.70024, 0.598056, 1
9, 5.93113, 0.384505, 1
9, 5.52355, 0.40398, 1
9, 6.5919, 0.577908, 1
9, 6.40348, 0.607067, 1
9, 4.85329, 0.415987, 1
9, 5.67183, 0.485212, 1
9, 6.99888, 0.753065, 1
9, 5.45084, 0.401391, 1
9, 6.39509, 0.538864, 1
9, 6.23044, 0.475366, 1
9, 4.36861, 0.27073, 1
9, 5.39412, 0.314917, 1
9, 4.45979, 0.344196, 1
9, 4.72314, 0.367505, 1
9, 4.52814, 0.339793, 1
9, 5.42504, 0.527963, 1
9, 5.31643, 0.417079, 1
9, 5.22897, 0.470903, 1
9, 3.84057, 0.328295, 1
9, 5.99952, 0.572497, 1
9, 6.24849, 0.704106, 1
9, 6.40909, 0.663863, 1
9, 6.38768, 0.558185, 1
9, 6.71057, 0.75221, 1
9, 6.7551, 0.761025, 1
9, 5.95329, 0.519037, 1
9, 5.70986, 0.581394, 1
9, 5.62005, 0.412262, 1
9, 5.76482, 0.417022, 1
9, 4.30947, 0.301825, 1
9, 5.31858, 0.287526, 1
9, 6.8606, 0.642218, 1
9, 6.18731, 0.516773, 1
9, 4.45339, 0.21308, 1
9, 5.67201, 0.500568, 1
9, 5.53225, 0.396392, 1
9, 5.71848, 0.562471, 1
9, 5.25542, 0.448892, 1
9, 5.86775, 0.623705, 1
9, 6.68023, 0.758777, 1
9, 6.05791, 0.62977, 1
9, 5.30799, 0.411668, 1
9, 5.82051, 0.522237, 1
9, 5.1973, 0.388223, 1
9, 5.52675, 0.605713, 1
9, 5.92057, 0.710051, 1
9, 5.05179, 0.500189, 1
9, 6.44529, 0.66793, 1
9, 5.03899, 0.495632, 1
9, 5.90639, 0.527285, 1
9, 6.17811, 0.623231, 1
9, 6.16232, 0.514697, 1
9, 4.71828, 0.299408, 1
9, 5.13942, 0.39858, 1
9, 5.10836, 0.356451, 1
9, 5.54064, 0.526506, 1
9, 5.53443, 0.500036, 1
9, 5.73406, 0.491673, 1
9, 5.42894, 0.412083, 1
9, 6.39237, 0.753991, 1
9, 5.42844, 0.546972, 1
9, 5.59401, 0.541977, 1
9, 6.21748, 0.683242, 1
9, 6.2029, 0.638362, 1
9, 6.20646, 0.697929, 1
9, 6.03777, 0.483136, 1
9, 6.49394, 0.659837, 1
9, 6.12544, 0.605324, 1
9, 6.17761, 0.631891, 1
9, 5.96404, 0.438487, 1
9, 5.73563, 0.444048, 1
9, 5.84579, 0.469915, 1
9, 6.36478, 0.573238, 1
9, 6.61078, 0.596947, 1
9, 6.44573, 0.668111, 1
9, 6.25193, 0.54382, 1
9, 7.07393, 0.71389, 1
9, 6.69215, 0.630059, 1
9, 6.2252, 0.535519, 1
9, 6.10045, 0.452571, 1
9, 6.63528, 0.648196, 1
9, 5.94518, 0.48836, 1
9, 5.74458, 0.355255, 1
9, 6.51604, 0.527738, 1
9, 6.23976, 0.459677, 1
9, 6.54706, 0.706844, 1
9, 5.8602, 0.561216, 1
9, 6.10254, 0.581752, 1
9, 5.6661, 0.386088, 1
9, 5.65777, 0.444783, 1
9, 6.32805, 0.516711, 1
9, 6.3395, 0.484431, 1
9, 6.27505, 0.634586, 1
9, 5.84011, 0.483669, 1
9, 6.29003, 0.558947, 1
9, 5.82968, 0.59596, 1
9, 5.74427, 0.421923, 1
9, 5.89327, 0.586321, 1
9, 6.04415, 0.627651, 1
9, 6.25627, 0.732328, 1
9, 6.18006, 0.54675, 1
9, 6.67666, 0.609138, 1
9, 5.32005, 0.453924, 1
9, 6.03024, 0.511021, 1
9, 5.8356, 0.456298, 1
9, 5.96236, 0.590917, 1
9, 5.70878, 0.550481, 1
9, 6.51463, 0.685259, 1
9, 5.77383, 0.427004, 1
9, 6.42722, 0.680763, 1
9, 6.63134, 0.624856, 1
9, 5.64706, 0.424738, 1
9, 6.40603, 0.607507, 1
9, 7.13114, 0.644879, 1
9, 5.60142, 0.381918, 1
9, 6.12306, 0.476992, 1
9, 6.20487, 0.704054, 1
9, 6.37858, 0.572089, 1
9, 6.88317, 0.795134, 1
9, 6.48625, 0.622708, 1
9, 6.49307, 0.590318, 1
9, 5.03222, 0.422226, 1
9, 6.57673, 0.732531, 1
9, 5.73562, 0.528213, 1
9, 5.48739, 0.468942, 1
9, 6.61238, 0.778986, 1
9, 6.11644, 0.638713, 1
9, 5.71108, 0.650519, 1
9, 5.3545, 0.542748, 1
9, 5.81261, 0.496403, 1
9, 6.09064, 0.5893, 1
9, 5.2188, 0.541549, 1
9, 6.43594, 0.687215, 1
9, 6.53806, 0.638795, 1
9, 6.31262, 0.525619, 1
9, 6.38141, 0.59331, 1
9, 5.94041, 0.48045, 1
9, 6.86677, 0.716098, 1
9, 6.9736, 0.664014, 1
9, 6.45263, 0.521054, 1
9, 6.20389, 0.564469, 1
9, 5.81612, 0.41408, 1
9, 6.30213, 0.628458, 1
9, 6.41075, 0.590292, 1
9, 6.05223, 0.4728, 1
9, 5.78022, 0.421397, 1
9, 5.93905, 0.549243, 1
9, 5.84555, 0.436325, 1
9, 6.20789, 0.526008, 1
9, 5.88904, 0.433379, 1
9, 5.58136, 0.469034, 1
9, 6.54638, 0.522669, 1
9, 6.36036, 0.61036, 1
9, 5.77629, 0.563842, 1
9, 6.19699, 0.534558, 1
9, 5.9098, 0.593403, 1
9, 5.84542, 0.444367, 1
9, 6.31162, 0.511877, 1
9, 6.09994, 0.524593, 1
9, 5.88025, 0.419089, 1
9, 6.30799, 0.489237, 1
9, 5.73864, 0.53057, 1
9, 5.78583, 0.466557, 1
9, 5.97923, 0.517059, 1
9, 5.2474, 0.457441, 1
9, 5.51896, 0.454467, 1
9, 5.43898, 0.380689, 1
9, 4.76583, 0.273195, 1
9, 5.21359, 0.331714, 1
9, 5.74117, 0.507356, 1
9, 5.81466, 0.491801, 1
9, 5.55686, 0.445448, 1
9, 6.15035, 0.627347, 1
9, 7.02496, 0.73549, 1
9, 4.91247, 0.370549, 1
9, 5.62358, 0.410534, 1
9, 5.32807, 0.42695, 1
9, 6.81793, 0.643246, 1
9, 6.2807, 0.566611, 1
9, 6.60281, 0.642273, 1
9, 5.72864, 0.511328, 1
9, 5.36973, 0.368855, 1
9, 6.83427, 0.724809, 1
9, 5.704, 0.459809, 1
9, 5.60211, 0.484982, 1
9, 5.76574, 0.582882, 1
9, 5.42526, 0.340873, 1
9, 5.44206, 0.489838, 1
9, 6.20247, 0.600632, 1
9, 5.88163, 0.684315, 1
9, 5.48431, 0.422102, 1
9, 5.92067, 0.532433, 1
9, 6.55825, 0.584406, 1
9, 6.84843, 0.586263, 1
9, 6.62632, 0.650475, 1
9, 4.99271, 0.346682, 1
9, 5.48831, 0.450947, 1
9, 5.94446, 0.504752, 1
9, 6.49674, 0.585052, 1
9, 6.63155, 0.591061, 1
9, 6.31969, 0.55644, 1
9, 6.07237, 0.469008, 1
9, 5.75067, 0.436391, 1
9, 6.22856, 0.530926, 1
9, 6.34174, 0.439535, 1
9, 6.65382, 0.668694, 1
9, 5.05513, 0.352686, 1
9, 5.43934, 0.497663, 1
9, 5.91628, 0.508625, 1
9, 4.79794, 0.407544, 1
9, 6.1449, 0.511903, 1
9, 5.6721, 0.470498, 1
9, 6.61819, 0.56785, 1
9, 5.42633, 0.327126, 1
9, 5.18681, 0.43484, 1
9, 5.59816, 0.456382, 1
9, 6.33699, 0.524057, 1
9, 5.96205, 0.55004, 1
9, 5.58128, 0.427318, 1
9, 5.81221, 0.407479, 1
9, 5.491, 0.38673, 1
9, 5.81023, 0.419931, 1
9, 5.84552, 0.43633, 1
9, 6.1965, 0.60253, 1
9, 6.42045, 0.57889, 1
9, 6.33962, 0.534638, 1
9, 6.31326, 0.542896, 1
9, 6.01648, 0.58844, 1
9, 5.76512, 0.371832, 1
9, 6.02064, 0.439739, 1
9, 6.29544, 0.594106, 1
9, 5.61088, 0.478199, 1
9, 5.99894, 0.520122, 1
9, 5.81816, 0.480452, 1
9, 6.24417, 0.596061, 1
9, 5.60312, 0.367909, 1
9, 6.70441, 0.655842, 1
9, 6.50578, 0.562835, 1
9, 6.24797, 0.541537, 1
9, 7.22299, 0.726875, 1
9, 5.84701, 0.556021, 1
9, 4.85191, 0.304308, 1
9, 7.09906, 0.715728, 1
9, 5.9827, 0.555008, 1
9, 6.29992, 0.526338, 1
9, 6.41377, 0.593109, 1
9, 6.14154, 0.550098, 1
9, 6.88464, 0.670644, 1
9, 6.54983, 0.621268, 1
9, 6.20361, 0.53518, 1
9, 6.12755, 0.462769, 1
9, 5.93534, 0.482563, 1
9, 6.3068, 0.651767, 1
9, 6.36534, 0.543557, 1
9, 6.6767, 0.583611, 1
9, 6.59652, 0.534923, 1
9, 7.0721, 0.754785, 1
9, 6.27445, 0.658977, 1
9, 5.75484, 0.378506, 1
9, 6.33557, 0.522663, 1
9, 6.93667, 0.674499, 1
9, 6.33834, 0.562583, 1
9, 5.12303, 0.420944, 1
9, 6.41305, 0.642288, 1
9, 5.43815, 0.434607, 1
9, 5.81748, 0.480343, 1
9, 5.175, 0.408038, 1
9, 5.56151, 0.384851, 1
9, 5.88086, 0.505041, 1
9, 5.38325, 0.405442, 1
9, 5.04922, 0.419243, 1
9, 5.53721, 0.476, 1
9, 5.25395, 0.372471, 1
9, 7.08436, 0.714566, 1
9, 5.6993, 0.508827, 1
9, 5.85229, 0.430643, 1
9, 7.01317, 0.693058, 1
9, 5.89313, 0.405493, 1
9, 6.48064, 0.521312, 1
9, 6.03417, 0.59687, 1
9, 6.07956, 0.512449, 1
9, 5.8135, 0.442082, 1
9, 6.10357, 0.590478, 1
9, 6.39854, 0.658888, 1
9, 6.49175, 0.711372, 1
9, 6.35267, 0.689217, 1
9, 5.45602, 0.447723, 1
9, 5.49061, 0.611368, 1
9, 5.62816, 0.464755, 1
9, 5.7436, 0.555648, 1
9, 5.84347, 0.617688, 1
9, 6.17404, 0.644093, 1
9, 6.74308, 0.743026, 1
9, 5.95627, 0.588809, 1
9, 6.36243, 0.559263, 1
9, 5.42738, 0.344805, 1
9, 5.65432, 0.346314, 1
9, 5.58336, 0.415426, 1
9, 5.18237, 0.357552, 1
9, 6.62709, 0.642207, 1
9, 6.02491, 0.473369, 1
9, 6.353, 0.608247, 1
9, 5.88123, 0.473134, 1
9, 5.37753, 0.457041, 1
9, 5.51173, 0.450993, 1
9, 6.26476, 0.617659, 1
9, 6.01662, 0.481071, 1
9, 4.95999, 0.506522, 1
9, 6.46286, 0.681079, 1
9, 5.64236, 0.420854, 1
9, 5.46129, 0.525494, 1
9, 6.28836, 0.641559, 1
9, 5.48334, 0.381255, 1
9, 5.52087, 0.389142, 1
9, 6.37658, 0.677251, 1
9, 6.21464, 0.684155, 1
9, 5.87568, 0.434762, 1
9, 5.42881, 0.436252, 1
9, 5.54444, 0.388509, 1
9, 5.76389, 0.644937, 1
9, 6.23083, 0.555418, 1
9, 6.13023, 0.442802, 1
9, 5.97686, 0.529248, 1
9, 4.64293, 0.261685, 1
9, 5.3552, 0.396305, 1
9, 6.9597, 0.896465, 1
9, 6.4447, 0.649173, 1
9, 6.53696, 0.814203, 1
9, 6.76942, 0.701423, 1
9, 6.28673, 0.672031, 1
9, 6.31872, 0.623643, 1
9, 5.57386, 0.441081, 1
9, 6.99265, 0.837428, 1
9, 6.08537, 0.541852, 1
9, 5.95983, 0.44751, 1
9, 6.2401, 0.566037, 1
9, 5.23536, 0.404675, 1
9, 6.45474, 0.715476, 1
9, 6.46891, 0.84489, 1
9, 5.81365, 0.48145, 1
9, 4.96667, 0.27656, 1
9, 6.53638, 0.57223, 1
9, 6.03256, 0.470197, 1
9, 4.96236, 0.401629, 1
9, 5.19963, 0.325498, 1
9, 6.14237, 0.486814, 1
9, 6.33668, 0.577668, 1
9, 6.87525, 0.625078, 1
5, 3.44463, 0.390372, 1
5, 4.00277, 0.532302, 1
5, 4.96059, 0.610454, 1
5, 3.34027, 0.349625, 1
5, 4.92521, 0.757114, 1
5, 3.62007, 0.340052, 1
5, 4.71792, 0.591087, 1
5, 5.68364, 0.654278, 1
5, 4.85884, 0.418497, 1
5, 4.55957, 0.475917, 1
5, 4.67703, 0.648328, 1
5, 3.65581, 0.395563, 1
5, 4.37081, 0.42353, 1
5, 3.67211, 0.43223, 1
5, 4.21951, 0.519968, 1
5, 4.00215, 0.41787, 1
5, 3.20293, 0.359143, 1
5, 4.05725, 0.48229, 1
5, 4.57691, 0.626482, 1
5, 4.18479, 0.467103, 1
5, 4.43703, 0.280135, 1
5, 4.9918, 0.729438, 1
5, 4.65485, 0.56939, 1
5, 3.87395, 0.408719, 1
5, 3.43374, 0.435288, 1
5, 4.71284, 0.483464, 1
5, 4.64371, 0.588372, 1
5, 4.93773, 0.785754, 1
5, 3.99923, 0.409875, 1
5, 4.39036, 0.563285, 1
5, 3.63584, 0.545748, 1
5, 5.97162, 0.762356, 1
5, 3.61621, 0.618211, 1
5, 3.97153, 0.365007, 1
5, 4.14202, 0.309437, 1
5, 3.85326, 0.392795, 1
5, 4.8722, 0.366288, 1
5, 4.01059, 0.501246, 1
5, 4.36609, 0.443525, 1
5, 4.06604, 0.353913, 1
5, 3.07074, 0.310887, 1
5, 4.7767, 0.583353, 1
5, 3.43144, 0.350994, 1
5, 5.09672, 0.332369, 1
5, 4.82344, 0.620674, 1
5, 4.57037, 0.349246, 1
5, 5.3572, 0.60586, 1
5, 3.54625, 0.399954, 1
5, 3.94254, 0.527967, 1
5, 4.69914, 0.480256, 1
5, 3.58328, 0.570792, 1
5, 5.01886, 0.413246, 1
5, 4.54033, 0.575283, 1
5, 5.36584, 0.610509, 1
5, 5.02116, 0.426323, 1
5, 4.71621, 0.589439, 1
5, 3.81602, 0.412787, 1
5, 4.29404, 0.462094, 1
5, 4.2354, 0.448421, 1
5, 3.29706, 0.325526, 1
5, 4.35206, 0.343843, 1
5, 4.66653, 0.609669, 1
5, 4.06296, 0.443951, 1
5, 4.55276, 0.478391, 1
5, 4.64013, 0.512594, 1
5, 4.6684, 0.452096, 1
5, 3.50684, 0.389618, 1
5, 3.71665, 0.308588, 1
5, 4.26154, 0.378076, 1
5, 4.81156, 0.400094, 1
5, 3.71544, 0.412221, 1
5, 4.65527, 0.646145, 1
5, 5.85138, 0.735842, 1
5, 4.18532, 0.29943, 1
5, 4.8087, 0.534946, 1
5, 3.54857, 0.342181, 1
5, 3.87592, 0.354778, 1
5, 5.09283, 0.672706, 1
5, 3.88736, 0.402713, 1
5, 5.08317, 0.443413, 1
5, 4.56925, 0.402875, 1
5, 4.02707, 0.410251, 1
5, 4.26889, 0.395176, 1
5, 4.75849, 0.478575, 1
5, 3.1826, 0.321326, 1
5, 4.61568, 0.524274, 1
5, 6.32696, 0.812727, 1
5, 4.70504, 0.37669, 1
5, 5.24399, 0.461941, 1
5, 4.77005, 0.373702, 1
5, 4.4283, 0.577116, 1
5, 4.54753, 0.56084, 1
5, 3.78765, 0.451966, 1
5, 4.75536, 0.582398, 1
5, 3.99168, 0.446857, 1
5, 4.69248, 0.446828, 1
5, 3.23701, 0.28622, 1
5, 3.56293, 0.675962, 1
5, 4.12691, 0.46505, 1
5, 4.84516, 0.442583, 1
5, 3.66225, 0.367827, 1
5, 4.48213, 0.64215, 1
5, 4.90623, 0.562718, 1
5, 5.36408, 0.554232, 1
5, 5.16551, 0.608771, 1
5, 4.17335, 0.421984, 1
5, 5.03168, 0.547948, 1
5, 5.10943, 0.532506, 1
5, 3.15975, 0.428426, 1
5, 4.08191, 0.358718, 1
5, 3.9877, 0.447238, 1
5, 4.01273, 0.494267, 1
5, 4.91956, 0.401691, 1
5, 3.70574, 0.426277, 1
5, 4.14098, 0.418106, 1
5, 4.10422, 0.455668, 1
5, 4.3475, 0.363267, 1
5, 5.44006, 0.5757, 1
5, 4.51908, 0.645128, 1
5, 4.51244, 0.4051, 1
5, 3.89083, 0.500096, 1
5, 3.87853, 0.310056, 1
5, 3.37056, 0.261646, 1
5, 3.89631, 0.353819, 1
5, 2.93149, 0.374183, 1
5, 5.25665, 0.707548, 1
5, 3.67441, 0.368682, 1
5, 4.40933, 0.414762, 1
5, 4.30318, 0.52825, 1
5, 4.9484, 0.472919, 1
5, 5.79728, 0.836933, 1
5, 4.69543, 0.404952, 1
5, 4.94461, 0.544139, 1
5, 4.02269, 0.311304, 1
5, 4.36224, 0.647652, 1
5, 3.48191, 0.338823, 1
5, 4.99027, 0.58547, 1
5, 4.44648, 0.24762, 1
5, 4.95301, 0.481703, 1
5, 3.30467, 0.300951, 1
5, 4.13313, 0.495626, 1
5, 4.2912, 0.353078, 1
5, 5.70835, 0.532459, 1
5, 5.06227, 0.541374, 1
5, 3.92217, 0.559993, 1
5, 3.5584, 0.261154, 1
5, 4.90198, 0.443879, 1
5, 4.72668, 0.478197, 1
5, 4.27262, 0.34115, 1
5, 4.99219, 0.768598, 1
5, 5.63276, 0.620111, 1
5, 5.34231, 0.602111, 1
5, 4.46119, 0.650486, 1
5, 5.04415, 0.643625, 1
5, 4.0403, 0.439938, 1
5, 3.74553, 0.421587, 1
5, 4.7145, 0.591878, 1
5, 4.35504, 0.328719, 1
5, 5.66648, 0.63356, 1
5, 4.43851, 0.492017, 1
5, 5.33122, 0.4639, 1
5, 4.27348, 0.415999, 1
5, 3.71888, 0.339198, 1
5, 4.82942, 0.57127, 1
5, 4.02979, 0.369294, 1
5, 5.13055, 0.524511, 1
5, 4.3616, 0.552377, 1
5, 4.0361, 0.348856, 1
5, 4.54835, 0.456471, 1
5, 3.93375, 0.319105, 1
5, 3.08116, 0.327881, 1
5, 3.83436, 0.394891, 1
5, 3.8747, 0.657885, 1
5, 4.33808, 0.426127, 1
5, 4.38, 0.451157, 1
5, 5.18573, 0.454781, 1
5, 4.56714, 0.433188, 1
5, 4.96461, 0.680579, 1
5, 5.44614, 0.588542, 1
5, 4.98963, 0.44251, 1
5, 5.15987, 0.739991, 1
5, 5.26064, 0.484505, 1
5, 4.20797, 0.296605, 1
5, 4.64989, 0.47553, 1
5, 4.56486, 0.647706, 1
5, 3.37693, 0.32131, 1
5, 3.52941, 0.39723, 1
5, 4.3166, 0.465339, 1
5, 4.37123, 0.455855, 1
5, 4.46244, 0.380699, 1
5, 4.18367, 0.569817, 1
5, 4.77615, 0.557485, 1
5, 5.50887, 0.580937, 1
5, 3.99826, 0.449845, 1
5, 4.56388, 0.519956, 1
5, 4.01158, 0.459354, 1
5, 4.68372, 0.557714, 1
5, 4.84115, 0.479299, 1
5, 3.84781, 0.240006, 1
5, 3.44945, 0.459411, 1
5, 4.19797, 0.356108, 1
5, 4.7771, 0.64537, 1
5, 3.86985, 0.441145, 1
5, 3.07385, 0.355601, 1
5, 3.28597, 0.359348, 1
5, 3.43592, 0.432726, 1
5, 4.03636, 0.340892, 1
5, 4.0515, 0.506628, 1
5, 3.26338, 0.430742, 1
5, 5.57242, 0.549508, 1
5, 3.59065, 0.392826, 1
5, 3.54567, 0.304361, 1
5, 4.20397, 0.470034, 1
5, 4.96736, 0.42608, 1
5, 5.31646, 0.689296, 1
5, 2.89759, 0.391193, 1
5, 4.18627, 0.296894, 1
5, 4.43707, 0.506872, 1
5, 4.21301, 0.463147, 1
5, 3.97682, 0.358632, 1
5, 5.0398, 0.546253, 1
5, 2.90883, 0.437544, 1
5, 4.11187, 0.41531, 1
5, 4.81518, 0.463732, 1
5, 4.25478, 0.429357, 1
5, 4.09603, 0.40525, 1
5, 4.78895, 0.475665, 1
5, 4.34372, 0.578802, 1
5, 4.04508, 0.422379, 1
5, 4.25506, 0.414391, 1
5, 4.39205, 0.552909, 1
5, 4.21096, 0.479858, 1
5, 4.04768, 0.444588, 1
5, 5.14904, 0.413423, 1
5, 5.34782, 0.434654, 1
5, 5.28833, 0.54237, 1
5, 4.51025, 0.388881, 1
5, 5.20096, 0.506203, 1
5, 4.77473, 0.636867, 1
5, 3.26199, 0.293673, 1
5, 4.01091, 0.553034, 1
5, 5.02972, 0.754847, 1
5, 3.7522, 0.556127, 1
5, 4.56137, 0.600879, 1
5, 3.89789, 0.510242, 1
5, 4.46605, 0.30028, 1
5, 5.13861, 0.591524, 1
5, 4.67145, 0.322128, 1
5, 3.28332, 0.320456, 1
5, 5.15378, 0.449275, 1
5, 4.175, 0.567202, 1
5, 3.16931, 0.377101, 1
5, 4.14139, 0.377218, 1
5, 6.29054, 0.86552, 1
5, 3.84273, 0.528931, 1
5, 3.93523, 0.304633, 1
5, 3.71887, 0.347636, 1
5, 5.59114, 0.511458, 1
5, 5.25318, 0.460104, 1
5, 5.55175, 0.726494, 1
5, 3.96086, 0.446359, 1
5, 3.5162, 0.287799, 1
5, 4.61709, 0.375237, 1
5, 4.97184, 0.499364, 1
5, 4.65625, 0.546522, 1
5, 4.09087, 0.440343, 1
5, 4.25053, 0.411849, 1
5, 3.54663, 0.309659, 1
5, 3.59111, 0.393308, 1
5, 4.9175, 0.58714, 1
5, 5.09581, 0.425939, 1
5, 4.18759, 0.328245, 1
5, 5.0826, 0.727435, 1
5, 4.6195, 0.350529, 1
5, 4.20577, 0.546144, 1
5, 4.52796, 0.456764, 1
5, 4.0273, 0.291081, 1
5, 3.6456, 0.414144, 1
5, 2.81228, 0.362847, 1
5, 3.58857, 0.460176, 1
5, 5.61089, 0.558056, 1
5, 3.413, 0.347288, 1
5, 4.62787, 0.582305, 1
5, 5.13269, 0.722351, 1
5, 5.55502, 0.492791, 1
5, 4.69488, 0.635582, 1
5, 4.56348, 0.50354, 1
5, 3.31047, 0.36441, 1
5, 4.0864, 0.540424, 1
5, 4.92411, 0.557734, 1
5, 4.84372, 0.636723, 1
5, 5.69864, 0.669647, 1
5, 4.58621, 0.547333, 1
5, 4.8781, 0.467302, 1
5, 5.0628, 0.556449, 1
5, 5.26258, 0.631573, 1
5, 4.60915, 0.403336, 1
5, 4.92409, 0.490651, 1
5, 3.53249, 0.358128, 1
5, 4.2142, 0.504448, 1
5, 3.93243, 0.508363, 1
5, 4.61575, 0.385229, 1
5, 3.93432, 0.404681, 1
5, 3.0353, 0.534399, 1
5, 4.8252, 0.554347, 1
5, 4.60838, 0.379485, 1
5, 5.20745, 0.473451, 1
5, 5.12477, 0.399719, 1
5, 4.28456, 0.665751, 1
5, 5.11789, 0.425469, 1
5, 3.11875, 0.454848, 1
5, 4.23303, 0.534344, 1
5, 4.45284, 0.526841, 1
5, 3.1734, 0.403256, 1
5, 3.92237, 0.464988, 1
5, 3.88152, 0.49207, 1
5, 4.933, 0.672098, 1
5, 5.11599, 0.706359, 1
5, 3.67617, 0.561131, 1
5, 3.72293, 0.617493, 1
5, 5.26171, 0.550211, 1
5, 4.47385, 0.550055, 1
5, 4.41572, 0.538682, 1
5, 3.41963, 0.387987, 1
5, 3.37981, 0.420896, 1
5, 4.73698, 0.522136, 1
5, 4.80608, 0.65875, 1
5, 4.97028, 0.538505, 1
5, 4.08546, 0.385436, 1
5, 4.52469, 0.516369, 1
5, 3.54274, 0.358086, 1
5, 4.04028, 0.545976, 1
5, 4.05805, 0.379162, 1
5, 3.98983, 0.524681, 1
5, 4.44509, 0.441102, 1
5, 3.23067, 0.435965, 1
5, 4.43306, 0.404234, 1
5, 3.71769, 0.291409, 1
5, 3.22322, 0.437001, 1
5, 4.27803, 0.442626, 1
5, 5.1564, 0.736561, 1
5, 4.00258, 0.48778, 1
5, 5.33853, 0.411302, 1
5, 4.84099, 0.632715, 1
5, 4.83827, 0.472738, 1
5, 5.69456, 0.538267, 1
5, 4.19333, 0.46348, 1
5, 5.40084, 0.470113, 1
5, 4.55987, 0.563846, 1
5, 4.55344, 0.43531, 1
5, 4.04709, 0.487874, 1
5, 4.23547, 0.536435, 1
5, 4.58926, 0.464151, 1
5, 3.44285, 0.370311, 1
5, 3.37153, 0.413811, 1
5, 3.69772, 0.397802, 1
5, 3.74002, 0.305357, 1
5, 4.12556, 0.339218, 1
5, 3.65641, 0.303058, 1
5, 6.33602, 0.723557, 1
5, 4.06654, 0.522507, 1
5, 5.04554, 0.714161, 1
5, 3.69296, 0.367348, 1
5, 5.71521, 0.745763, 1
5, 4.3074, 0.310006, 1
5, 3.81964, 0.327502, 1
5, 3.2737, 0.414708, 1
5, 4.02728, 0.584207, 1
5, 4.70471, 0.303512, 1
5, 4.17784, 0.440361, 1
5, 3.83977, 0.595151, 1
5, 4.40948, 0.376912, 1
5, 3.59837, 0.36336, 1
5, 4.68641, 0.535264, 1
5, 4.30635, 0.438047, 1
5, 5.3542, 0.553048, 1
5, 4.00647, 0.411075, 1
5, 5.11176, 0.425596, 1
5, 3.53934, 0.546167, 1
5, 5.01708, 0.552304, 1
5, 3.15543, 0.280917, 1
5, 5.05096, 0.574244, 1
5, 3.63868, 0.384411, 1
5, 4.18646, 0.706593, 1
5, 4.30609, 0.726446, 1
5, 3.52652, 0.446546, 1
5, 5.60568, 0.425906, 1
5, 5.50559, 0.653466, 1
5, 5.20637, 0.526202, 1
5, 4.92685, 0.558527, 1
5, 5.33076, 0.759549, 1
5, 4.08271, 0.394874, 1
5, 4.38671, 0.47623, 1
5, 2.93274, 0.338664, 1
5, 4.07694, 0.537527, 1
5, 4.83697, 0.436756, 1
5, 4.43026, 0.441494, 1
5, 4.24338, 0.448891, 1
5, 4.18966, 0.599156, 1
5, 4.65127, 0.604193, 1
5, 4.58712, 0.491139, 1
5, 3.96447, 0.495768, 1
5, 4.31906, 0.483713, 1
5, 3.85508, 0.453116, 1
5, 4.54978, 0.434264, 1
5, 3.3881, 0.317099, 1
5, 4.59085, 0.574471, 1
5, 4.29206, 0.495147, 1
5, 4.15329, 0.599302, 1
5, 5.66646, 0.475242, 1
5, 3.22929, 0.385796, 1
5, 3.87862, 0.501993, 1
5, 3.93507, 0.369434, 1
5, 3.91471, 0.500225, 1
5, 4.82769, 0.470952, 1
5, 4.44172, 0.309792, 1
5, 4.37271, 0.286361, 1
5, 5.36088, 0.58702, 1
5, 5.41361, 0.426668, 1
5, 5.23129, 0.428372, 1
5, 4.48115, 0.468541, 1
5, 4.29473, 0.415941, 1
5, 5.74835, 0.662239, 1
5, 4.88098, 0.783356, 1
5, 3.04442, 0.469083, 1
5, 4.301, 0.434307, 1
5, 3.96262, 0.496877, 1
5, 3.79626, 0.490824, 1
5, 5.42, 0.703963, 1
5, 6.15927, 0.939696, 1
5, 4.80822, 0.432466, 1
5, 3.87485, 0.459412, 1
5, 5.02223, 0.393973, 1
5, 6.37398, 0.833724, 1
5, 5.62645, 0.529896, 1
5, 3.78551, 0.537536, 1
5, 3.75059, 0.419255, 1
5, 4.68668, 0.473682, 1
5, 4.38414, 0.333476, 1
5, 3.01121, 0.401623, 1
5, 4.67797, 0.518577, 1
5, 5.65767, 0.790001, 1
5, 3.77785, 0.384492, 1
5, 5.228, 0.685873, 1
5, 3.74961, 0.319937, 1
5, 4.45943, 0.568339, 1
5, 3.57964, 0.382764, 1
5, 4.19234, 0.523699, 1
5, 3.68701, 0.364192, 1
5, 4.7603, 0.562224, 1
5, 4.94726, 0.446183, 1
5, 4.01311, 0.350201, 1
5, 4.10922, 0.411961, 1
5, 4.05046, 0.381004, 1
5, 4.14303, 0.350343, 1
5, 4.20766, 0.387548, 1
5, 3.24257, 0.353283, 1
5, 4.95104, 0.836504, 1
5, 3.42453, 0.466145, 1
5, 3.65921, 0.371649, 1
5, 3.82383, 0.384236, 1
5, 3.52128, 0.379786, 1
5, 3.60835, 0.487247, 1
5, 3.65204, 0.352604, 1
5, 4.14291, 0.634327, 1
5, 4.58523, 0.612574, 1
5, 5.25494, 0.67557, 1
5, 4.09121, 0.419766, 1
5, 4.67251, 0.550815, 1
5, 4.3727, 0.543756, 1
5, 5.50548, 0.771232, 1
5, 5.08251, 0.675483, 1
5, 4.25732, 0.593395, 1
5, 4.32364, 0.547987, 1
5, 4.60799, 0.559221, 1
5, 4.81859, 0.767466, 1
5, 4.25441, 0.507545, 1
5, 4.99342, 0.42628, 1
5, 4.68049, 0.403932, 1
5, 4.3428, 0.379562, 1
5, 4.26342, 0.318299, 1
5, 5.0665, 0.451471, 1
5, 5.09809, 0.51344, 1
5, 4.6983, 0.337621, 1
5, 4.60874, 0.390094, 1
5, 4.60714, 0.55768, 1
5, 5.09483, 0.455841, 1
5, 4.63406, 0.335612, 1
5, 4.85743, 0.66257, 1
5, 4.3727, 0.455168, 1
5, 3.32128, 0.369671, 1
5, 3.40417, 0.384737, 1
5, 3.67259, 0.361143, 1
5, 3.57478, 0.400031, 1
5, 4.18274, 0.437683, 1
5, 3.22662, 0.383574, 1
5, 3.16568, 0.393384, 1
5, 3.71778, 0.424421, 1
5, 3.9177, 0.516716, 1
5, 3.46712, 0.388098, 1
5, 4.15717, 0.30269, 1
5, 3.01267, 0.396406, 1
5, 3.88645, 0.629616, 1
5, 3.27695, 0.555104, 1
5, 3.84577, 0.45693, 1
5, 4.32862, 0.382891, 1
5, 4.18678, 0.372087, 1
5, 3.80579, 0.520133, 1
5, 4.11469, 0.489271, 1
5, 4.15909, 0.44759, 1
5, 4.59165, 0.480696, 1
5, 3.62159, 0.405369, 1
5, 4.37766, 0.489415, 1
5, 3.93055, 0.452739, 1
5, 3.95907, 0.422203, 1
5, 3.59764, 0.334977, 1
5, 5.28657, 0.500693, 1
5, 3.99436, 0.447089, 1
5, 4.71345, 0.430178, 1
5, 5.21876, 0.493087, 1
5, 3.41294, 0.461801, 1
5, 4.61688, 0.573592, 1
5, 4.2877, 0.476946, 1
5, 3.06934, 0.383003, 1
5, 4.06302, 0.388761, 1
5, 5.37798, 0.455596, 1
5, 5.10164, 0.396869, 1
5, 3.23473, 0.341179, 1
5, 4.6141, 0.473341, 1
5, 4.08075, 0.509172, 1
5, 3.57633, 0.37838, 1
5, 3.8868, 0.557448, 1
5, 4.09715, 0.498344, 1
5, 4.26499, 0.465159, 1
5, 3.99007, 0.409282, 1
5, 3.35132, 0.354315, 1
5, 4.14525, 0.483876, 1
5, 3.75658, 0.493875, 1
5, 5.37378, 0.719673, 1
5, 5.03444, 0.433187, 1
5, 4.9823, 0.369858, 1
5, 4.33464, 0.22208, 1
5, 5.34308, 0.481272, 1
5, 4.19649, 0.293778, 1
5, 4.36867, 0.254561, 1
5, 3.33237, 0.417919, 1
5, 4.13177, 0.335807, 1
5, 4.79785, 0.323289, 1
5, 4.74381, 0.406883, 1
5, 4.64932, 0.291612, 1
5, 3.96245, 0.272125, 1
5, 5.05799, 0.420708, 1
5, 4.28261, 0.375852, 1
5, 3.28974, 0.444025, 1
5, 3.2993, 0.301696, 1
5, 3.41921, 0.310485, 1
5, 3.68276, 0.396667, 1
5, 3.77164, 0.336161, 1
5, 3.16197, 0.395486, 1
5, 4.23069, 0.332995, 1
5, 3.5527, 0.40295, 1
5, 2.62455, 0.364039, 1
5, 4.36762, 0.37478, 1
5, 4.62414, 0.389523, 1
5, 3.71616, 0.269455, 1
5, 4.93759, 0.540846, 1
5, 4.59391, 0.520281, 1
5, 3.34103, 0.437381, 1
5, 4.08494, 0.341403, 1
5, 3.30455, 0.321846, 1
5, 4.76192, 0.5124, 1
5, 4.15886, 0.37491, 1
5, 3.2926, 0.304357, 1
5, 3.83752, 0.33355, 1
5, 3.85376, 0.299443, 1
5, 3.34911, 0.345679, 1
5, 3.27028, 0.45391, 1
5, 3.40501, 0.414975, 1
5, 3.26675, 0.477876, 1
5, 3.3841, 0.443331, 1
5, 3.74516, 0.5026, 1
5, 3.6229, 0.569964, 1
5, 3.38129, 0.419627, 1
5, 3.21279, 0.316436, 1
5, 2.91864, 0.375285, 1
5, 3.24223, 0.438849, 1
5, 3.68664, 0.427314, 1
5, 4.51684, 0.689767, 1
5, 3.85384, 0.363548, 1
5, 4.09585, 0.397434, 1
5, 4.46048, 0.471598, 1
5, 4.05441, 0.405485, 1
5, 3.29439, 0.3986, 1
5, 4.72455, 0.567257, 1
5, 3.80024, 0.496745, 1
5, 4.22826, 0.359644, 1
5, 4.72759, 0.503057, 1
5, 4.96242, 0.685265, 1
5, 3.92591, 0.462236, 1
5, 4.50725, 0.737687, 1
5, 4.19591, 0.482934, 1
5, 4.11452, 0.497137, 1
5, 4.08309, 0.588127, 1
5, 4.01173, 0.514943, 1
5, 4.21274, 0.361564, 1
5, 4.18631, 0.592323, 1
5, 5.03281, 0.662717, 1
5, 4.44853, 0.563142, 1
5, 3.84393, 0.315944, 1
5, 3.59798, 0.443957, 1
5, 4.06504, 0.525074, 1
5, 4.04857, 0.491752, 1
5, 4.24075, 0.617068, 1
5, 3.4805, 0.420026, 1
5, 5.14042, 0.7809, 1
5, 4.04441, 0.427833, 1
5, 4.52958, 0.808345, 1
5, 3.62501, 0.376141, 1
5, 4.12199, 0.460699, 1
5, 4.80955, 0.525791, 1
5, 5.51863, 0.739098, 1
5, 4.4485, 0.558412, 1
5, 5.50763, 0.679994, 1
5, 4.67145, 0.432264, 1
5, 5.66699, 0.664657, 1
5, 4.76943, 0.555138, 1
5, 4.35981, 0.482353, 1
5, 3.63321, 0.376635, 1
5, 3.7883, 0.459397, 1
5, 4.64095, 0.516733, 1
5, 4.37839, 0.344086, 1
5, 3.2806, 0.361055, 1
5, 4.21699, 0.4345, 1
5, 3.47183, 0.330951, 1
5, 3.91694, 0.4497, 1
5, 3.10005, 0.40603, 1
5, 3.6022, 0.378343, 1
5, 3.96997, 0.459342, 1
5, 4.20095, 0.419247, 1
5, 4.1193, 0.419173, 1
5, 4.23715, 0.540208, 1
5, 5.70534, 0.863341, 1
5, 3.98064, 0.397098, 1
5, 4.7149, 0.449465, 1
5, 4.01635, 0.544254, 1
5, 4.27373, 0.649512, 1
5, 4.40501, 0.634782, 1
5, 4.50779, 0.594656, 1
5, 4.34746, 0.67161, 1
5, 4.26452, 0.58572, 1
5, 3.85674, 0.498198, 1
5, 3.9217, 0.538973, 1
5, 4.00128, 0.322758, 1
5, 3.58254, 0.372222, 1
5, 3.66303, 0.35058, 1
5, 3.90349, 0.399392, 1
5, 3.4382, 0.399824, 1
5, 4.70386, 0.373551, 1
5, 4.80144, 0.434728, 1
5, 3.93599, 0.391659, 1
5, 4.83632, 0.626257, 1
5, 4.67325, 0.580774, 1
5, 4.25903, 0.480194, 1
5, 4.44876, 0.536968, 1
5, 4.20229, 0.536399, 1
5, 5.43984, 0.651574, 1
5, 4.66183, 0.618249, 1
5, 4.32531, 0.605162, 1
5, 3.7157, 0.412405, 1
5, 4.42872, 0.580394, 1
5, 3.23334, 0.449957, 1
5, 4.42199, 0.613563, 1
5, 5.08681, 0.798199, 1
5, 6.51769, 0.951339, 1
5, 4.85976, 0.530746, 1
5, 4.36824, 0.537067, 1
5, 4.49486, 0.5716, 1
5, 3.64093, 0.465025, 1
5, 3.68663, 0.332121, 1
5, 3.97273, 0.44514, 1
5, 3.70955, 0.433953, 1
5, 4.8128, 0.769786, 1
5, 3.53784, 0.355598, 1
5, 3.9121, 0.40893, 1
5, 4.02172, 0.48358, 1
5, 3.60962, 0.380126, 1
5, 4.04028, 0.447782, 1
5, 3.37716, 0.304185, 1
5, 3.6089, 0.452453, 1
5, 3.38802, 0.352837, 1
5, 3.7143, 0.385186, 1
5, 4.24094, 0.43353, 1
5, 4.15714, 0.314079, 1
5, 4.71902, 0.497915, 1
5, 4.58732, 0.43005, 1
5, 4.19105, 0.383014, 1
5, 4.95412, 0.475966, 1
5, 4.48998, 0.477004, 1
5, 3.92742, 0.395159, 1
5, 4.26758, 0.502414, 1
5, 3.41993, 0.449724, 1
5, 3.70496, 0.484261, 1
5, 3.3133, 0.390086, 1
5, 4.2761, 0.41229, 1
5, 3.70308, 0.349142, 1
5, 4.0997, 0.501416, 1
5, 3.97719, 0.474767, 1
5, 3.71167, 0.418153, 1
5, 3.96385, 0.521789, 1
5, 3.44291, 0.32984, 1
5, 2.69041, 0.28613, 1
5, 4.08163, 0.510728, 1
5, 3.75531, 0.388841, 1
5, 3.51949, 0.398917, 1
5, 3.78376, 0.465009, 1
5, 3.27183, 0.355557, 1
5, 3.73838, 0.445317, 1
5, 4.14805, 0.383927, 1
5, 3.80118, 0.316314, 1
5, 4.15038, 0.444873, 1
5, 3.70461, 0.369678, 1
5, 4.03903, 0.509501, 1
5, 4.08828, 0.5165, 1
5, 3.81786, 0.324027, 1
5, 3.81514, 0.248077, 1
5, 3.28684, 0.380012, 1
5, 2.8635, 0.382269, 1
5, 3.46581, 0.307624, 1
5, 5.91309, 0.828373, 1
5, 5.17904, 0.5095, 1
5, 4.39657, 0.377518, 1
5, 3.21568, 0.329771, 1
5, 4.2147, 0.403823, 1
5, 3.7219, 0.380616, 1
5, 4.82468, 0.346559, 1
5, 3.39155, 0.372032, 1
5, 4.25722, 0.361907, 1
5, 3.85242, 0.348071, 1
5, 4.22233, 0.37777, 1
5, 3.79066, 0.376497, 1
5, 3.67093, 0.410217, 1
5, 3.84545, 0.408911, 1
5, 4.55767, 0.493175, 1
5, 3.88683, 0.325805, 1
5, 3.75709, 0.376348, 1
5, 3.23823, 0.338423, 1
5, 3.22722, 0.355507, 1
5, 4.48625, 0.54143, 1
5, 3.2505, 0.360949, 1
5, 3.33605, 0.413744, 1
5, 5.18456, 0.643508, 1
5, 4.42914, 0.521117, 1
5, 3.76417, 0.433542, 1
5, 4.22437, 0.550908, 1
5, 4.02488, 0.520038, 1
5, 4.24324, 0.48074, 1
5, 5.89373, 0.883821, 1
5, 3.38234, 0.445481, 1
5, 4.20618, 0.359245, 1
5, 3.56134, 0.304429, 1
5, 3.0671, 0.306941, 1
5, 4.61848, 0.376743, 1
5, 3.29895, 0.29892, 1
5, 3.59557, 0.509939, 1
5, 3.87257, 0.409776, 1
5, 3.32407, 0.373182, 1
5, 5.25015, 0.539083, 1
5, 3.26834, 0.397145, 1
5, 3.23357, 0.398292, 1
5, 4.46484, 0.445469, 1
5, 4.86664, 0.418596, 1
5, 4.1872, 0.518011, 1
5, 4.61128, 0.421834, 1
5, 3.38449, 0.246045, 1
5, 4.35298, 0.495149, 1
5, 4.3707, 0.559802, 1
5, 4.52581, 0.503758, 1
5, 3.72024, 0.400535, 1
5, 3.43231, 0.395059, 1
5, 3.83559, 0.423154, 1
5, 3.48109, 0.367319, 1
5, 3.62998, 0.368735, 1
5, 3.82403, 0.359797, 1
5, 3.68327, 0.369459, 1
5, 3.30633, 0.377164, 1
5, 3.70327, 0.370603, 1
5, 3.85789, 0.371736, 1
5, 2.90123, 0.394164, 1
5, 4.02404, 0.580538, 1
5, 4.32059, 0.432931, 1
5, 4.23409, 0.360378, 1
5, 3.64558, 0.380576, 1
5, 4.84521, 0.735803, 1
5, 3.80577, 0.429121, 1
5, 3.61159, 0.360907, 1
5, 3.93138, 0.443646, 1
5, 3.46264, 0.310125, 1
5, 3.30193, 0.45588, 1
5, 4.22988, 0.389007, 1
5, 3.48665, 0.380358, 1
5, 3.8762, 0.361707, 1
5, 4.41022, 0.479142, 1
5, 4.01793, 0.493147, 1
5, 3.7194, 0.506208, 1
5, 5.31672, 0.779115, 1
5, 3.95886, 0.512686, 1
5, 4.0927, 0.499151, 1
5, 3.83861, 0.536267, 1
5, 5.09367, 0.662646, 1
5, 3.66499, 0.430231, 1
5, 3.78282, 0.546625, 1
5, 4.52126, 0.518293, 1
5, 4.00204, 0.396085, 1
5, 3.53927, 0.382162, 1
5, 4.69466, 0.516992, 1
5, 3.50949, 0.35787, 1
5, 4.0943, 0.360182, 1
5, 3.90349, 0.445451, 1
5, 3.30044, 0.400765, 1
5, 3.99795, 0.327995, 1
5, 4.08862, 0.335488, 1
5, 3.96935, 0.33944, 1
5, 3.6888, 0.304851, 1
5, 4.43041, 0.440847, 1
5, 4.11925, 0.378705, 1
5, 4.26202, 0.497593, 1
5, 5.57991, 0.612538, 1
5, 4.67634, 0.394826, 1
5, 5.70354, 0.69294, 1
5, 5.2186, 0.629797, 1
5, 5.35098, 0.722216, 1
5, 5.72336, 0.653131, 1
5, 5.25155, 0.555554, 1
5, 5.39352, 0.564949, 1
5, 5.71453, 0.49589, 1
5, 5.5887, 0.589022, 1
5, 5.14199, 0.698212, 1
5, 5.38151, 0.560032, 1
5, 3.20052, 0.409435, 1
5, 3.7174, 0.421929, 1
5, 3.74819, 0.57647, 1
5, 4.32424, 0.54823, 1
5, 3.67418, 0.434758, 1
5, 3.59651, 0.562497, 1
5, 3.64797, 0.438736, 1
5, 3.91112, 0.511751, 1
5, 3.78845, 0.803172, 1
5, 2.72262, 0.399244, 1
5, 3.95195, 0.557534, 1
5, 3.98948, 0.702329, 1
5, 4.88351, 0.510021, 1
5, 4.14291, 0.399708, 1
5, 4.84767, 0.611858, 1
5, 5.29847, 0.745284, 1
5, 3.89291, 0.375509, 1
5, 5.15986, 0.790051, 1
5, 5.12081, 0.664179, 1
5, 5.5434, 0.68577, 1
5, 5.03024, 0.529406, 1
5, 4.77154, 0.526495, 1
5, 4.22833, 0.357819, 1
5, 3.60609, 0.409526, 1
5, 4.39741, 0.526155, 1
5, 4.19888, 0.449927, 1
5, 3.18813, 0.462411, 1
5, 3.85991, 0.463491, 1
5, 4.00893, 0.505107, 1
5, 3.62611, 0.374376, 1
5, 4.31023, 0.514652, 1
5, 4.0194, 0.506349, 1
5, 4.06634, 0.351465, 1
5, 2.66203, 0.342535, 1
5, 3.35806, 0.307596, 1
5, 3.23367, 0.301646, 1
5, 3.45468, 0.390399, 1
5, 3.24115, 0.322181, 1
5, 3.95944, 0.427533, 1
5, 3.12607, 0.353911, 1
5, 3.973, 0.489638, 1
5, 4.48805, 0.525893, 1
5, 3.57992, 0.487901, 1
5, 3.22099, 0.477875, 1
5, 4.98257, 0.61681, 1
